"name","brandname","pb_id","trade_name","franchise_name","iso3","areaname4","areaname3","areaname2","areaname1","stabb","postcode","formattedaddress","mainaddressline","addresslastline","longitude","latitude","georesult","confidence_code","country_access_code","tel_num","faxnum","email","http","open_24h","business_line","sic1","sic2","sic8","sic8_description","alt_industry_code","micode","trade_division","group","class","sub_class","employee_here","employee_count","year_start","sales_volume_local","sales_volume_us_dollars","currency_code","agent_code","legal_status_code","status_code","subsidiary_indicator","parent_business_name","parent_address","parent_street_address","parent_areaname3","parent_areaname1","parent_country","parent_postcode","domestic_ultimate_business_name","domestic_ultimate_address","domestic_ultimate_street_address","domestic_ultimate_areaname3","domestic_ultimate_areaname1","domestic_ultimate_postcode","global_ultimate_indicator","global_ultimate_business_name","global_ultimate_address","global_ultimate_street_address","global_ultimate_areaname3","global_ultimate_areaname1","global_ultimate_country","global_ultimate_postcode","family_members","hierarchy_code","ticker_symbol","exchange_name","wkb_geometry","fid"
"RJRT HOLDINGS PTY LTD",NULL,"1214306345",NULL,NULL,"AUS",NULL,"WINDANG",NULL,"NEW SOUTH WALES","NSW","2528","316 WINDANG RD, WINDANG, NSW 2528","316 WINDANG RD","WINDANG, NSW 2528","150.86843384","-34.5317824491185","S8HPNTSCZG","HIGH","61","(02) 4297 0767",NULL,NULL,"WWW.COMPUTERTOWN.COM.AU",NULL,"COMPUTER AND SOFTWARE STORES, NSK","5734",NULL,"57340000","COMPUTER AND SOFTWARE STORES",NULL,10010346,"DIVISION G. - RETAIL TRADE","MISCELLANEOUS RETAIL","MISCELLANEOUS SHOPPING GOODS STORES","STATIONERY STORES","10","10","1998","2639006","2176858","50","G","3","0","0",NULL,NULL,NULL,NULL,NULL,NULL,NULL,NULL,NULL,NULL,NULL,NULL,NULL,"N",NULL,NULL,NULL,NULL,NULL,NULL,NULL,"0","0",NULL,NULL,"0101000020E610000045B1C335CADB62407FC68172114441C0",1
"CURTAINS PLUS PTY LTD",NULL,"1214312131",NULL,NULL,"AUS",NULL,"ROCKDALE",NULL,"NEW SOUTH WALES","NSW","2216","SHOP 3 488 PRINCES HWY, ROCKDALE, NSW 2216","SHOP 3 488 PRINCES HWY","ROCKDALE, NSW 2216","151.13837184","-33.9519160491255","S8HPNTSCZG","HIGH","61","(02) 9597 1001",NULL,NULL,"WWW.BLINDSPLUSCURTAINS.COM.AU",NULL,"DRAPERY HARDWARE AND BLINDS AND SHADES","2591",NULL,"25910000","DRAPERY HARDWARE AND WINDOW BLINDS AND SHADES",NULL,10012591,"DIVISION D. - MANUFACTURING","FURNITURE AND FIXTURES","MISCELLANEOUS FURNITURE AND FIXTURES","DRAPERY HARDWARE AND BLINDS AND SHADES","4","4",NULL,"390065","294100","50","G","0","0","0",NULL,NULL,NULL,NULL,NULL,NULL,NULL,NULL,NULL,NULL,NULL,NULL,NULL,"N",NULL,NULL,NULL,NULL,NULL,NULL,NULL,"0","0",NULL,NULL,"0101000020E610000098EFC78A6DE462400AC49562D8F940C0",2
"JOYS (NSW) PTY LIMITED",NULL,"1214338971",NULL,NULL,"AUS",NULL,"NORTHMEAD",NULL,"NEW SOUTH WALES","NSW","2152","UNIT 4 13 BOUNDARY ROAD, NORTHMEAD, NSW 2152","UNIT 4 13 BOUNDARY ROAD","NORTHMEAD, NSW 2152","150.99854692","-33.7957159291274","S8HPNTSCZG","HIGH","61","(02) 9890 2877",NULL,NULL,"WWW.STONE-TECH.COM",NULL,"CUT STONE AND STONE PRODUCTS","3281","1799","32810000","CUT STONE AND STONE PRODUCTS",NULL,10013281,"DIVISION D. - MANUFACTURING","STONE, CLAY, GLASS, AND CONCRETE PRODUCTS","CUT STONE AND STONE PRODUCTS","CUT STONE AND STONE PRODUCTS","25","25","1983","1330072","1097147","50","C","3","0","0",NULL,NULL,NULL,NULL,NULL,NULL,NULL,NULL,NULL,NULL,NULL,NULL,NULL,"N",NULL,NULL,NULL,NULL,NULL,NULL,NULL,"0","0",NULL,NULL,"0101000020E61000007D9DAB18F4DF624014410205DAE540C0",3
"MENCHETTI NOMINEES PTY LTD",NULL,"1214403464",NULL,NULL,"AUS",NULL,"DIANELLA",NULL,"WESTERN AUSTRALIA","WA","6059","7 BAUHINIA RDGE, DIANELLA, WA 6059","7 BAUHINIA RDGE","DIANELLA, WA 6059","115.85843999999999","-31.8773599991534","S8HPNTSCZG","HIGH","61","(08) 9344 8827",NULL,NULL,NULL,NULL,"INVESTORS, NEC","6799",NULL,"67990000","INVESTORS, NEC",NULL,10030736,"DIVISION H. - FINANCE, INSURANCE, AND REAL ESTATE","HOLDING AND OTHER INVESTMENT OFFICES","MISCELLANEOUS INVESTING","INVESTORS, NEC/INVESTMENT ADVISORS","0","1","1974","558145","460402","50","G","3","1","0","MENCHETTI NOMINEES PTY LTD","7 BAUHINIA RDGE, DIANELLA, 6059, WESTERN AUSTRALIA, AUSTRALIA","7 BAUHINIA RDGE","DIANELLA","WESTERN AUSTRALIA","AUSTRALIA","6059","MENCHETTI NOMINEES PTY LTD","7 BAUHINIA RDGE, DIANELLA, 6059, WESTERN AUSTRALIA","7 BAUHINIA RDGE","DIANELLA","WESTERN AUSTRALIA","6059.0","Y","MENCHETTI NOMINEES PTY LTD","7 BAUHINIA RDGE, DIANELLA, 6059, WESTERN AUSTRALIA, AUSTRALIA","7 BAUHINIA RDGE","DIANELLA","WESTERN AUSTRALIA","AUSTRALIA","6059","2","1",NULL,NULL,"0101000020E6100000016553AEF0F65C40B42E37AA9AE03FC0",4
"FOX AND THOMAS PTY LTD",NULL,"1214422337",NULL,NULL,"AUS",NULL,"GOONDIWINDI",NULL,"QUEENSLAND","QLD","4390","36 MARSHALL ST, GOONDIWINDI, QLD 4390","36 MARSHALL ST","GOONDIWINDI, QLD 4390","150.30346424","-28.546822779207396","S8HPNTSCZG","HIGH","61","(07) 4671 6000",NULL,NULL,"WWW.FOXTHOMAS.COM.AU",NULL,"LEGAL SERVICES, NSK","8111",NULL,"81110000","LEGAL SERVICES",NULL,10030722,"DIVISION I. - SERVICES","LEGAL SERVICES","LEGAL SERVICES","LEGAL SERVICES","28","28","1980","4568815","3768715","50","G","3","0","0",NULL,NULL,NULL,NULL,NULL,NULL,NULL,NULL,NULL,NULL,NULL,NULL,NULL,"N",NULL,NULL,NULL,NULL,NULL,NULL,NULL,"0","0",NULL,NULL,"0101000020E6100000C749A3FAB5C962405267E193FC8B3CC0",5
"JCK QLD PTY LTD",NULL,"1214546574","JCK ELECTRICAL CONTRACTOR",NULL,"AUS",NULL,"HOLLAND PARK WEST",NULL,"QUEENSLAND","QLD","4121","PO BOX 22, HOLLAND PARK WEST, QLD 4121","PO BOX 22","HOLLAND PARK WEST, QLD 4121","153.06105","-27.52778","G3","LOW","61","(07) 3849 6740",NULL,NULL,NULL,NULL,"ELECTRICAL WORK, NSK","1731",NULL,"17310000","ELECTRICAL WORK",NULL,10011731,"DIVISION C. - CONSTRUCTION","CONSTRUCTION - SPECIAL TRADE CONTRACTORS","ELECTRICAL WORK","ELECTRICAL WORK","9","9","2010","1522838","1090000","50","G","3","0","0",NULL,NULL,NULL,NULL,NULL,NULL,NULL,NULL,NULL,NULL,NULL,NULL,NULL,"N",NULL,NULL,NULL,NULL,NULL,NULL,NULL,"0","0",NULL,NULL,"0101000020E6100000772D211FF42163409E7B0F971C873BC0",6
"STEPHEN ROBERT SNEDDEN",NULL,"1214549742",NULL,NULL,"AUS",NULL,"CAMPBELLTOWN",NULL,"NEW SOUTH WALES","NSW","2560","SHOP 1 251 QUEEN ST, CAMPBELLTOWN, NSW 2560","SHOP 1 251 QUEEN ST","CAMPBELLTOWN, NSW 2560","150.81248992","-34.0682316791241","S8HPNTSCZG","HIGH","61","(02) 4626 8300",NULL,NULL,NULL,NULL,"INVESTMENT OFFICES, NEC","6726","5092","67260000","INVESTMENT OFFICES, NEC",NULL,10036726,"DIVISION H. - FINANCE, INSURANCE, AND REAL ESTATE","HOLDING AND OTHER INVESTMENT OFFICES","INVESTMENT OFFICES","INVESTMENT OFFICES, NEC","1","1","2005","660828","473000","50","G","0","0","0",NULL,NULL,NULL,NULL,NULL,NULL,NULL,NULL,NULL,NULL,NULL,NULL,NULL,"N",NULL,NULL,NULL,NULL,NULL,NULL,NULL,"0","0",NULL,NULL,"0101000020E61000005957DCEAFFD96240D131CFD0BB0841C0",7
"ROXWOOD DOWNS PTY. LTD.",NULL,"1214599855","PATONS EVENT HIRE",NULL,"AUS",NULL,"LANGWARRIN",NULL,"VICTORIA","VIC","3910","9 BROWN THORNBILL COURT, LANGWARRIN, VIC 3910","9 BROWN THORNBILL COURT","LANGWARRIN, VIC 3910","145.1731707","-38.1622279590831","S8HPNTSCZG","HIGH","61","0407 856 854",NULL,NULL,NULL,NULL,"EQUIPMENT RENTAL AND LEASING, NEC","7359",NULL,"73590000","EQUIPMENT RENTAL AND LEASING, NEC",NULL,10037359,"DIVISION I. - SERVICES","BUSINESS SERVICES","MISCELLANEOUS EQUIPMENT RENTAL AND LEASING","EQUIPMENT RENTAL AND LEASING, NEC","3","3","2010","258679","213379","50","G","3","0","0",NULL,NULL,NULL,NULL,NULL,NULL,NULL,NULL,NULL,NULL,NULL,NULL,NULL,"N",NULL,NULL,NULL,NULL,NULL,NULL,NULL,"0","0",NULL,NULL,"0101000020E610000003A4479D8A2562401E61C1E2C31443C0",8
"CLOUD ACCOUNTS PTY LTD",NULL,"1214616512",NULL,NULL,"AUS",NULL,"COTTON TREE",NULL,"QUEENSLAND","QLD","4558","U 1 13 CARNABY ST, COTTON TREE, QLD 4558","U 1 13 CARNABY ST","COTTON TREE, QLD 4558","153.08622497","-26.6586625392428","S8HPNTS-ZG","HIGH","61","(07) 5479 0060",NULL,NULL,NULL,NULL,"ACCOUNTING, AUDITING, AND BOOKKEEPING","8721",NULL,"87210000","ACCOUNTING, AUDITING, AND BOOKKEEPING",NULL,10038721,"DIVISION I. - SERVICES","ENGINEERING, ACCOUNTING, RESEARCH, AND MANAGEMENT SERVICES","ACCOUNTING, AUDITING, AND BOOKKEEPING SERVICES","ACCOUNTING, AUDITING, AND BOOKKEEPING","2","2","2010","454057","325000","50","G","3","0","0",NULL,NULL,NULL,NULL,NULL,NULL,NULL,NULL,NULL,NULL,NULL,NULL,NULL,"N",NULL,NULL,NULL,NULL,NULL,NULL,NULL,"0","0",NULL,NULL,"0101000020E6100000F447DE5AC2226340ED25B11B9EA83AC0",9
"CORNISH GROUP INVESTMENTS PTY. LTD.",NULL,"1214631821",NULL,NULL,"AUS",NULL,"MELBOURNE","PORT PHILLIP","VICTORIA","VIC","3004","SE 1 L 1 424 ST KILDA RD, MELBOURNE, VIC 3004","SE 1 L 1 424 ST KILDA RD","MELBOURNE, VIC 3004","144.975511892457","-37.8368935424709","S5HPNTSCZA","HIGH","61","(03) 9820 2223",NULL,NULL,NULL,NULL,"INVESTORS, NEC","6799",NULL,"67990000","INVESTORS, NEC",NULL,10030736,"DIVISION H. - FINANCE, INSURANCE, AND REAL ESTATE","HOLDING AND OTHER INVESTMENT OFFICES","MISCELLANEOUS INVESTING","INVESTORS, NEC/INVESTMENT ADVISORS","4","4","1989","427963","353017","50","G","3","0","0",NULL,NULL,NULL,NULL,NULL,NULL,NULL,NULL,NULL,NULL,NULL,NULL,NULL,"N",NULL,NULL,NULL,NULL,NULL,NULL,NULL,"0","0",NULL,NULL,"0101000020E6100000C85EB764371F6240B392DD531FEB42C0",10
"CALOGRO PTY. LTD.",NULL,"1214661062",NULL,NULL,"AUS",NULL,"PARINGA",NULL,"SOUTH AUSTRALIA","SA","5340","69 MURTHO RD, PARINGA, SA 5340","69 MURTHO RD","PARINGA, SA 5340","140.78082391","-34.1717361691228","S8HPNTSCZG","HIGH","61",NULL,NULL,NULL,NULL,NULL,"INVESTORS, NEC","6799",NULL,"67990000","INVESTORS, NEC",NULL,10030736,"DIVISION H. - FINANCE, INSURANCE, AND REAL ESTATE","HOLDING AND OTHER INVESTMENT OFFICES","MISCELLANEOUS INVESTING","INVESTORS, NEC/INVESTMENT ADVISORS","1","1","1992","123991","102277","50","G","3","0","0",NULL,NULL,NULL,NULL,NULL,NULL,NULL,NULL,NULL,NULL,NULL,NULL,NULL,"N",NULL,NULL,NULL,NULL,NULL,NULL,NULL,"0","0",NULL,NULL,"0101000020E610000051AC6C82FC9861401DF66673FB1541C0",11
"MALMSBURY TIMBER SUPPLIES PTY. LTD.",NULL,"1214677812",NULL,NULL,"AUS",NULL,"MALMSBURY","MACEDON RANGES","VICTORIA","VIC","3446","SULLIVAN ST, MALMSBURY, VIC 3446","SULLIVAN ST","MALMSBURY, VIC 3446","144.37472","-37.191935","S4-PNTSCZA","MEDIUM","61","(03) 5423 2210",NULL,NULL,NULL,NULL,"DURABLE GOODS, NEC","5099",NULL,"50990000","DURABLE GOODS, NEC",NULL,10035099,"DIVISION F. - WHOLESALE TRADE","WHOLESALE TRADE - DURABLE GOODS","MISCELLANEOUS DURABLE GOODS","DURABLE GOODS, NEC","6","6","2010","2380591","1963697","50","G","3","0","0",NULL,NULL,NULL,NULL,NULL,NULL,NULL,NULL,NULL,NULL,NULL,NULL,NULL,"N",NULL,NULL,NULL,NULL,NULL,NULL,NULL,"0","0",NULL,NULL,"0101000020E61000000725CCB4FD0B624098FA7953919842C0",12
"MUMS LUNCH PTY LTD",NULL,"1214711192","REYMOND COMMUNICATIONS",NULL,"AUS",NULL,"WINDSOR",NULL,"VICTORIA","VIC","3181","131A CHAPEL STREET, WINDSOR, VIC 3181","131A CHAPEL STREET","WINDSOR, VIC 3181","144.99284802","-37.853491379085604","S8HPNTSCZG","HIGH","61","(03) 9510 4124",NULL,NULL,"WWW.REYMONDCOMMUNICATIONS.COM.AU",NULL,"PUBLIC RELATIONS SERVICES, NSK","8743","5812","87430000","PUBLIC RELATIONS SERVICES",NULL,10248743,"DIVISION I. - SERVICES","ENGINEERING, ACCOUNTING, RESEARCH, AND MANAGEMENT SERVICES","MANAGEMENT AND PUBLIC RELATIONS SERVICES","PUBLIC RELATIONS SERVICES","8","8","2011","1915781","1580286","50","G","3","0","0",NULL,NULL,NULL,NULL,NULL,NULL,NULL,NULL,NULL,NULL,NULL,NULL,NULL,"N",NULL,NULL,NULL,NULL,NULL,NULL,NULL,"0","0",NULL,NULL,"0101000020E61000008CF93569C51F6240994B9C343FED42C0",13
"AGRICURE PTY LIMITED",NULL,"1214958766",NULL,NULL,"AUS",NULL,"BRAEMAR",NULL,"NEW SOUTH WALES","NSW","2575","4-6 GANTRY PL, BRAEMAR, NSW 2575","4-6 GANTRY PL","BRAEMAR, NSW 2575","150.47751523","-34.4234198891198","S8HPNTSCZG","HIGH","61","(02) 4872 1687",NULL,NULL,"WWW.AGRICURE.COM.AU",NULL,"PREPARED FEEDS, NEC, NSK","2048",NULL,"20480000","PREPARED FEEDS, NEC",NULL,10062048,"DIVISION D. - MANUFACTURING","FOOD AND KINDRED PRODUCTS","GRAIN MILL PRODUCTS","PREPARED FEEDS, NEC","10","10","1956","4122761","3400775","50","H","3","0","0",NULL,NULL,NULL,NULL,NULL,NULL,NULL,NULL,NULL,NULL,NULL,NULL,NULL,"N",NULL,NULL,NULL,NULL,NULL,NULL,NULL,"0","0",NULL,NULL,"0101000020E6100000240605CE47CF62406C1F789F323641C0",14
"VIKRAMAN PTY. LTD.",NULL,"1215103952",NULL,NULL,"AUS",NULL,"MARIBYRNONG",NULL,"VICTORIA","VIC","3032","332 GORDON ST, MARIBYRNONG, VIC 3032","332 GORDON ST","MARIBYRNONG, VIC 3032","144.890955","-37.782657999086204","S8HPNTSCZG","HIGH","61",NULL,NULL,NULL,NULL,NULL,"OFFICES AND CLINICS MEDICAL DOCTORS,NSK","8011",NULL,"80110000","OFFICES AND CLINICS OF MEDICAL DOCTORS",NULL,10238011,"DIVISION I. - SERVICES","HEALTH SERVICES","OFFICES AND CLINICS OF DOCTORS OF MEDICINE","OFFICES AND CLINICS OF MEDICAL DOCTORS","3","3","1986","235490","194251","50","G","0","0","0",NULL,NULL,NULL,NULL,NULL,NULL,NULL,NULL,NULL,NULL,NULL,NULL,NULL,"N",NULL,NULL,NULL,NULL,NULL,NULL,NULL,"0","0",NULL,NULL,"0101000020E6100000A5660FB4821C6240970327232EE442C0",15
"DUNLON PTY LTD",NULL,"1215257259",NULL,NULL,"AUS",NULL,"KYABRAM",NULL,"VICTORIA","VIC","3620","3 PIGATTO CLOSE, KYABRAM, VIC 3620","3 PIGATTO CLOSE","KYABRAM, VIC 3620","145.03631085","-36.3193524390993","S8HPNTSCZG","HIGH","61","(03) 5853 1277",NULL,NULL,NULL,NULL,"TRUSTS, NEC","6733",NULL,"67330000","TRUSTS, NEC",NULL,10036733,"DIVISION H. - FINANCE, INSURANCE, AND REAL ESTATE","HOLDING AND OTHER INVESTMENT OFFICES","TRUSTS","TRUSTS, NEC","1","1","1995","123991","102277","50","G","3","0","0",NULL,NULL,NULL,NULL,NULL,NULL,NULL,NULL,NULL,NULL,NULL,NULL,NULL,"N",NULL,NULL,NULL,NULL,NULL,NULL,NULL,"0","0",NULL,NULL,"0101000020E6100000AE275F752921624027EA6C8AE02842C0",16
"GOLDFIELDS ELECTRICAL CONTRACTING PTY LTD",NULL,"1215446646",NULL,NULL,"AUS",NULL,"KALGOORLIE","KALGOORLIE-BOULDER","WESTERN AUSTRALIA","WA","6430","251-255 HAY ST, KALGOORLIE, WA 6430","251-255 HAY ST","KALGOORLIE, WA 6430","121.461004032982","-30.7561307459105","S5HPNTSCZA","HIGH","61","(08) 9022 8511",NULL,NULL,"WWW.GECKALG.COM.AU",NULL,"ELECTRICAL WORK, NSK","1731",NULL,"17310000","ELECTRICAL WORK",NULL,10011731,"DIVISION C. - CONSTRUCTION","CONSTRUCTION - SPECIAL TRADE CONTRACTORS","ELECTRICAL WORK","ELECTRICAL WORK","9","9","2003","4731774","3903136","50","G","3","0","0",NULL,NULL,NULL,NULL,NULL,NULL,NULL,NULL,NULL,NULL,NULL,NULL,NULL,"N",NULL,NULL,NULL,NULL,NULL,NULL,NULL,"0","0",NULL,NULL,"0101000020E6100000D63E0F17815D5E40892FD9C891C13EC0",17
"PETER R KNOWLAND & ASSOCIATES PTY LTD",NULL,"1215453774","PKA ACOUSTIC CONSULTING",NULL,"AUS",NULL,"ARTARMON",NULL,"NEW SOUTH WALES","NSW","2064","SE 12 401 PACIFIC HWY, ARTARMON, NSW 2064","SE 12 401 PACIFIC HWY","ARTARMON, NSW 2064","151.17830836","-33.8150072491272","S8HPNTSCZG","HIGH","61","(02) 9460 6824",NULL,NULL,"WWW.PKA.COM.AU",NULL,"BUSINESS SERVICES, NEC, NSK","7389",NULL,"73890000","BUSINESS SERVICES, NEC",NULL,10037389,"DIVISION I. - SERVICES","BUSINESS SERVICES","MISCELLANEOUS BUSINESS SERVICES","BUSINESS SERVICES, NEC","7","7","1978","510850","369089","50","G","3","0","0",NULL,NULL,NULL,NULL,NULL,NULL,NULL,NULL,NULL,NULL,NULL,NULL,NULL,"N",NULL,NULL,NULL,NULL,NULL,NULL,NULL,"0","0",NULL,NULL,"0101000020E6100000B5D9BBB3B4E562408B80542852E840C0",18
"NICK SANDALIS",NULL,"1215458562",NULL,NULL,"AUS",NULL,"HIGHETT",NULL,"VICTORIA","VIC","3190","3 HAZEL AVENUE, HIGHETT, VIC 3190","3 HAZEL AVENUE","HIGHETT, VIC 3190","145.031805","-37.944748999084894","S8HPNTSCZG","HIGH","61","0411 144 360",NULL,NULL,NULL,NULL,"INVESTMENT OFFICES, NEC","6726",NULL,"67260000","INVESTMENT OFFICES, NEC",NULL,10036726,"DIVISION H. - FINANCE, INSURANCE, AND REAL ESTATE","HOLDING AND OTHER INVESTMENT OFFICES","INVESTMENT OFFICES","INVESTMENT OFFICES, NEC","1","1","2000","597076","429191","50","G","13","0","0",NULL,NULL,NULL,NULL,NULL,NULL,NULL,NULL,NULL,NULL,NULL,NULL,NULL,"N",NULL,NULL,NULL,NULL,NULL,NULL,NULL,"0","0",NULL,NULL,"0101000020E61000002D5BEB8B04216240CAFF0289EDF842C0",19
"MEDIA SALES INTERCHANGE PTY LIMITED",NULL,"1215483339",NULL,NULL,"AUS",NULL,"MANLY",NULL,"NEW SOUTH WALES","NSW","2095","31 GOLF PDE, MANLY, NSW 2095","31 GOLF PDE","MANLY, NSW 2095","151.28284112","-33.7880363291275","S8HPNTSCZG","HIGH","61","0416 047 249",NULL,NULL,NULL,NULL,"ADVERTISING AGENCIES, NSK","7311",NULL,"73110000","ADVERTISING AGENCIES",NULL,10030702,"DIVISION I. - SERVICES","BUSINESS SERVICES","ADVERTISING","ADVERTISING AGENCIES/ADVERTISING AND MARKETING","1","1","2003","479205","343000","50","G","0","0","0",NULL,NULL,NULL,NULL,NULL,NULL,NULL,NULL,NULL,NULL,NULL,NULL,NULL,"N",NULL,NULL,NULL,NULL,NULL,NULL,NULL,"0","0",NULL,NULL,"0101000020E6100000A60BD2080DE96240CDD4DA5FDEE440C0",20
"BLANKISA PTY LTD",NULL,"1215494364","ADEC RADIATORS",NULL,"AUS",NULL,"ENFIELD",NULL,"NEW SOUTH WALES","NSW","2136","6 PILCHER ST, ENFIELD, NSW 2136","6 PILCHER ST","ENFIELD, NSW 2136","151.07643109","-33.897630879126204","S8HPNTSCZG","HIGH","61","(02) 9642 5737",NULL,NULL,NULL,NULL,"BROADWOVEN FABRIC MILLS, COTTON","2211","3499","22110000","BROADWOVEN FABRIC MILLS, COTTON",NULL,10062211,"DIVISION D. - MANUFACTURING","TEXTILE MILL PRODUCTS","BROADWOVEN FABRIC MILLS, COTTON","BROADWOVEN FABRIC MILLS, COTTON","10","10","1982","2947878","2110000","50","G","0","0","0",NULL,NULL,NULL,NULL,NULL,NULL,NULL,NULL,NULL,NULL,NULL,NULL,NULL,"N",NULL,NULL,NULL,NULL,NULL,NULL,NULL,"0","0",NULL,NULL,"0101000020E610000053FE9C1F72E2624007DD9291E5F240C0",21
"SWAN VALLEY WINES PTY LTD",NULL,"1215502067",NULL,NULL,"AUS",NULL,"BASKERVILLE",NULL,"WESTERN AUSTRALIA","WA","6056","261 HADDRILL RD, BASKERVILLE, WA 6056","261 HADDRILL RD","BASKERVILLE, WA 6056","116.0483","-31.7951099991546","S8HPNTSCZG","HIGH","61",NULL,NULL,NULL,"WWW.SWANVALLEYWINES.COM.AU",NULL,"WINES, BRANDY, AND BRANDY SPIRITS, NSK","2084",NULL,"20840000","WINES, BRANDY, AND BRANDY SPIRITS",NULL,10062084,"DIVISION D. - MANUFACTURING","FOOD AND KINDRED PRODUCTS","BEVERAGES","WINES, BRANDY, AND BRANDY SPIRITS","3","3","2003","1140459","940740","50","G","3","0","0",NULL,NULL,NULL,NULL,NULL,NULL,NULL,NULL,NULL,NULL,NULL,NULL,NULL,"N",NULL,NULL,NULL,NULL,NULL,NULL,NULL,"0","0",NULL,NULL,"0101000020E61000006519E25817035D40731733548CCB3FC0",22
"LATTE PROPERTY PTY LTD",NULL,"1215514145","DARRYLSIMMS",NULL,"AUS",NULL,"TEMPLESTOWE LOWER",NULL,"VICTORIA","VIC","3107","SHP 1 5 FEATHERTOP AVE, TEMPLESTOWE LOWER, VIC 3107","SHP 1 5 FEATHERTOP AVE","TEMPLESTOWE LOWER, VIC 3107","145.10788200000002","-37.7668499990863","S8HPNTSCZG","HIGH","61","1300 755 133",NULL,NULL,"WWW.ACCESSLOANS.COM.AU",NULL,"LEGAL SERVICES, NSK","8111",NULL,"81110000","LEGAL SERVICES",NULL,10030722,"DIVISION I. - SERVICES","LEGAL SERVICES","LEGAL SERVICES","LEGAL SERVICES","12","12","2003","2451123","2021877","50","G","3","0","0",NULL,NULL,NULL,NULL,NULL,NULL,NULL,NULL,NULL,NULL,NULL,NULL,NULL,"N",NULL,NULL,NULL,NULL,NULL,NULL,NULL,"0","0",NULL,NULL,"0101000020E610000078BAF3C473236240B381092428E242C0",23
"STRIKE SHOPFITTING PTY LTD",NULL,"1215535746",NULL,NULL,"AUS",NULL,"EPPING",NULL,"VICTORIA","VIC","3076","53 YALE DR, EPPING, VIC 3076","53 YALE DR","EPPING, VIC 3076","145.01227461","-37.64511159908729","S8HPNTSCZG","HIGH","61","(03) 9401 1911",NULL,NULL,"WWW.STRIKE.NET.AU",NULL,"CARPENTRY WORK, NSK","1751",NULL,"17510000","CARPENTRY WORK",NULL,10061751,"DIVISION C. - CONSTRUCTION","CONSTRUCTION - SPECIAL TRADE CONTRACTORS","CARPENTRY AND FLOOR WORK","CARPENTRY WORK","0","7","2003","2987642","2464440","50","G","3","1","0","STRIKE SHOPFITTING PTY LTD","53 YALE DR, EPPING, 3076, VICTORIA, AUSTRALIA","53 YALE DR","EPPING","VICTORIA","AUSTRALIA","3076","STRIKE SHOPFITTING PTY LTD","53 YALE DR, EPPING, 3076, VICTORIA","53 YALE DR","EPPING","VICTORIA","3076.0","Y","STRIKE SHOPFITTING PTY LTD","53 YALE DR, EPPING, 3076, VICTORIA, AUSTRALIA","53 YALE DR","EPPING","VICTORIA","AUSTRALIA","3076","3","1",NULL,NULL,"0101000020E6100000AD10B98D64206240D32C520493D242C0",24
"LAKES GAMING PTY LTD",NULL,"1215547211","LAKES GAMING SERVICES",NULL,"AUS",NULL,"CESSNOCK",NULL,"NEW SOUTH WALES","NSW","2322","5 SANDRINGHAM AVE, CESSNOCK, NSW 2322","5 SANDRINGHAM AVE","CESSNOCK, NSW 2322","151.63280837","-32.783840779140604","S8HPNTS-ZG","HIGH","61","0417 207 010",NULL,NULL,"WWW.LAKESGAMING.COM.AU",NULL,"DURABLE GOODS, NEC","5099",NULL,"50990000","DURABLE GOODS, NEC",NULL,10035099,"DIVISION F. - WHOLESALE TRADE","WHOLESALE TRADE - DURABLE GOODS","MISCELLANEOUS DURABLE GOODS","DURABLE GOODS, NEC","2","2","2004","920097","758968","50","G","3","0","0",NULL,NULL,NULL,NULL,NULL,NULL,NULL,NULL,NULL,NULL,NULL,NULL,NULL,"N",NULL,NULL,NULL,NULL,NULL,NULL,NULL,"0","0",NULL,NULL,"0101000020E61000001FB956F73FF462400CD707E5546440C0",25
"MASALKI HOLDINGS PTY LTD",NULL,"1215559740",NULL,NULL,"AUS",NULL,"LEMNOS","GREATER SHEPPARTON","VICTORIA","VIC","3631","NEW DOOKIE RD, LEMNOS, VIC 3631","NEW DOOKIE RD","LEMNOS, VIC 3631","145.46201499999998","-36.36468","S4-PNTSCZA","MEDIUM","61","(03) 5821 1637",NULL,NULL,NULL,NULL,"DECIDUOUS TREE FRUITS","175",NULL,"1750000","DECIDUOUS TREE FRUITS",NULL,10050175,"DIVISION A. - AGRICULTURE, FORESTRY, AND FISHING","AGRICULTURAL PRODUCTION - CROPS","FRUITS AND TREE NUTS","DECIDUOUS TREE FRUITS","20","20","1985","6626033","5465669","50","G","3","0","0",NULL,NULL,NULL,NULL,NULL,NULL,NULL,NULL,NULL,NULL,NULL,NULL,NULL,"N",NULL,NULL,NULL,NULL,NULL,NULL,NULL,"0","0",NULL,NULL,"0101000020E61000005D68AED3C82E6240ADC090D5AD2E42C0",26
"LUSOME PTY LTD",NULL,"1215578451","LUSOME ENGINEERING",NULL,"AUS",NULL,"ST MARYS",NULL,"NEW SOUTH WALES","NSW","2760","65-75 DUNHEVED CIRCUIT, ST MARYS, NSW 2760","65-75 DUNHEVED CIRCUIT","ST MARYS, NSW 2760","150.76540679","-33.7446337091281","S8HPNTSCZG","HIGH","61","(02) 9673 2610",NULL,NULL,NULL,NULL,"INVESTMENT OFFICES, NEC","6726",NULL,"67260000","INVESTMENT OFFICES, NEC",NULL,10036726,"DIVISION H. - FINANCE, INSURANCE, AND REAL ESTATE","HOLDING AND OTHER INVESTMENT OFFICES","INVESTMENT OFFICES","INVESTMENT OFFICES, NEC","1","1","1980","255610","210847","50","G","3","0","0",NULL,NULL,NULL,NULL,NULL,NULL,NULL,NULL,NULL,NULL,NULL,NULL,NULL,"N",NULL,NULL,NULL,NULL,NULL,NULL,NULL,"0","0",NULL,NULL,"0101000020E6100000F66561367ED86240291A4A2850DF40C0",27
"APPLIED FRICTION PTY LTD",NULL,"1215585741",NULL,NULL,"AUS",NULL,"LORN",NULL,"NEW SOUTH WALES","NSW","2320","29 QUEEN ST, LORN, NSW 2320","29 QUEEN ST","LORN, NSW 2320","151.56390268","-32.7272049291414","S8HPNTSCZG","HIGH","61",NULL,NULL,NULL,NULL,NULL,"MOTOR VEHICLE PARTS AND ACCESSORIES","3714",NULL,"37140000","MOTOR VEHICLE PARTS AND ACCESSORIES",NULL,10063714,"DIVISION D. - MANUFACTURING","TRANSPORTATION EQUIPMENT","MOTOR VEHICLES AND MOTOR VEHICLE EQUIPMENT","MOTOR VEHICLE PARTS AND ACCESSORIES","5","5","1991","364133","300365","50","G","3","0","0",NULL,NULL,NULL,NULL,NULL,NULL,NULL,NULL,NULL,NULL,NULL,NULL,NULL,"N",NULL,NULL,NULL,NULL,NULL,NULL,NULL,"0","0",NULL,NULL,"0101000020E61000004217A27D0BF262407F13160D155D40C0",28
"PHARAOH GOLD MINES NL",NULL,"1215598215",NULL,NULL,"AUS",NULL,"MOUNT PLEASANT",NULL,"WESTERN AUSTRALIA","WA","6153","57 KISHORN RD, MOUNT PLEASANT, WA 6153","57 KISHORN RD","MOUNT PLEASANT, WA 6153","115.84934781","-32.0137196791514","S8HPNTSCZG","HIGH","61","(08) 9316 2640",NULL,NULL,"WWW.CENTAMIN.COM",NULL,"GOLD ORES","1041","1081","10410000","GOLD ORES",NULL,10041041,"DIVISION B. - MINING","METAL MINING","GOLD AND SILVER ORES","GOLD ORES","4","4","1993","93855000","93855000","20","G","3","0","0",NULL,NULL,NULL,NULL,NULL,NULL,NULL,NULL,NULL,NULL,NULL,NULL,NULL,"N",NULL,NULL,NULL,NULL,NULL,NULL,NULL,"0","0",NULL,NULL,"0101000020E610000045B8EAB65BF65C4029A20291C10140C0",29
"BEACHES MOOLOOLABA PTY. LTD.",NULL,"1215647083","BEACHSIDE MOOLOOLABA",NULL,"AUS",NULL,"MOOLOOLABA",NULL,"QUEENSLAND","QLD","4557","35 BRISBANE RD, MOOLOOLABA, QLD 4557","35 BRISBANE RD","MOOLOOLABA, QLD 4557","153.11917178","-26.6825002192423","S8HPNTSCZG","HIGH","61","(07) 5478 3911",NULL,NULL,"WWW.BEACHSIDEMOOLOOLABA.COM.AU",NULL,"HOTELS AND MOTELS, NSK","7011",NULL,"70110000","HOTELS AND MOTELS",NULL,10070200,"DIVISION I. - SERVICES","HOTELS, ROOMING HOUSES, CAMPS, AND OTHER LODGING PLACES","HOTEL, MOTEL","HOTEL, MOTEL - UNSPECIFIED","5","5","2005","179720","148247","50","G","3","0","0",NULL,NULL,NULL,NULL,NULL,NULL,NULL,NULL,NULL,NULL,NULL,NULL,NULL,"N",NULL,NULL,NULL,NULL,NULL,NULL,NULL,"0","0",NULL,NULL,"0101000020E610000098365641D023634094289955B8AE3AC0",30
"DIVINE WRITE COPYWRITING PTY. LTD.",NULL,"1215671013","DIVINE WRITE",NULL,"AUS",NULL,"BATEAU BAY",NULL,"NEW SOUTH WALES","NSW","2261","8 PARKVIEW PL, BATEAU BAY, NSW 2261","8 PARKVIEW PL","BATEAU BAY, NSW 2261","151.46264219999998","-33.3806767091327","S8HPNTSCZG","HIGH","61","0413 388 991",NULL,NULL,"WWW.DIVINEWRITE.COM.AU",NULL,"SERVICES, NEC, NSK","8999",NULL,"89990000","SERVICES, NEC",NULL,10030701,"DIVISION I. - SERVICES","SERVICES, NEC","SERVICES, NOT ELSEWHERE CLASSIFIED","COMPANY - SERVICE/SERVICES, NEC","1","1","2005","123991","102277","50","G","3","0","0",NULL,NULL,NULL,NULL,NULL,NULL,NULL,NULL,NULL,NULL,NULL,NULL,NULL,"N",NULL,NULL,NULL,NULL,NULL,NULL,NULL,"0","0",NULL,NULL,"0101000020E6100000FBD703F7CDEE62407409B003BAB040C0",31
"BRUCE WAYNE INVESTMENTS PTY LTD",NULL,"1215702270",NULL,NULL,"AUS",NULL,"SEVEN HILLS",NULL,"NEW SOUTH WALES","NSW","2147","U 16 12 STANTON RD, SEVEN HILLS, NSW 2147","U 16 12 STANTON RD","SEVEN HILLS, NSW 2147","150.95270535","-33.769370109127806","S8HPNTSCZG","HIGH","61",NULL,NULL,NULL,NULL,NULL,"INVESTORS, NEC","6799",NULL,"67990000","INVESTORS, NEC",NULL,10030736,"DIVISION H. - FINANCE, INSURANCE, AND REAL ESTATE","HOLDING AND OTHER INVESTMENT OFFICES","MISCELLANEOUS INVESTING","INVESTORS, NEC/INVESTMENT ADVISORS","4","4","2006","359409","296469","50","G","3","0","0",NULL,NULL,NULL,NULL,NULL,NULL,NULL,NULL,NULL,NULL,NULL,NULL,NULL,"N",NULL,NULL,NULL,NULL,NULL,NULL,NULL,"0","0",NULL,NULL,"0101000020E61000002D1FEE8F7CDE6240A89C40B87AE240C0",32
"PROFESSIONAL PET CARE (NSW) PTY LTD",NULL,"1215745912",NULL,NULL,"AUS",NULL,"HELENSBURGH",NULL,"NEW SOUTH WALES","NSW","2508","PO BOX 453, HELENSBURGH, NSW 2508","PO BOX 453","HELENSBURGH, NSW 2508","150.98168","-34.190540000000006","B1","LOW","61","0417 277 287",NULL,NULL,"WWW.PROFESSIONALPETCARE.COM.AU",NULL,"GROCERIES AND RELATED PRODUCTS, NEC, NSK","5149",NULL,"51490000","GROCERIES AND RELATED PRODUCTS, NEC",NULL,10015149,"DIVISION F. - WHOLESALE TRADE","WHOLESALE TRADE - NONDURABLE GOODS","GROCERIES AND RELATED PRODUCTS","GROCERIES AND RELATED PRODUCTS, NEC","5","5","2006","3090998","2549696","50","G","3","0","0",NULL,NULL,NULL,NULL,NULL,NULL,NULL,NULL,NULL,NULL,NULL,NULL,NULL,"N",NULL,NULL,NULL,NULL,NULL,NULL,NULL,"0","0",NULL,NULL,"0101000020E610000065E42CEC69DF6240394A5E9D631841C0",33
"BRISCOE PTY. LTD.",NULL,"1215779050","ALBURY MASTERCUT MEATS",NULL,"AUS",NULL,"THURGOONA",NULL,"NEW SOUTH WALES","NSW","2640","SHOP 14 10 SHUTER AVENUE, THURGOONA, NSW 2640","SHOP 14 10 SHUTER AVENUE","THURGOONA, NSW 2640","146.99076442","-36.043534679102","S8HPNTSCZG","HIGH","61","(02) 6025 9600",NULL,NULL,NULL,NULL,"MEATS AND MEAT PRODUCTS, NSK","5147",NULL,"51470000","MEATS AND MEAT PRODUCTS",NULL,10055147,"DIVISION F. - WHOLESALE TRADE","WHOLESALE TRADE - NONDURABLE GOODS","GROCERIES AND RELATED PRODUCTS","MEATS AND MEAT PRODUCTS","2","2","1995","1644368","1356403","50","G","3","0","0",NULL,NULL,NULL,NULL,NULL,NULL,NULL,NULL,NULL,NULL,NULL,NULL,NULL,"N",NULL,NULL,NULL,NULL,NULL,NULL,NULL,"0","0",NULL,NULL,"0101000020E610000018BE9557B45F6240137E5B8B920542C0",34
"DR. S. CLARKE PTY LTD",NULL,"1215859358",NULL,NULL,"AUS",NULL,"MOE",NULL,"VICTORIA","VIC","3825","46-48 ALBERT ST, MOE, VIC 3825","46-48 ALBERT ST","MOE, VIC 3825","146.26268024","-38.1745821390831","S8HPNTSCZG","HIGH","61","(03) 5126 1344",NULL,NULL,NULL,NULL,"OFFICES AND CLINICS MEDICAL DOCTORS,NSK","8011",NULL,"80110000","OFFICES AND CLINICS OF MEDICAL DOCTORS",NULL,10238011,"DIVISION I. - SERVICES","HEALTH SERVICES","OFFICES AND CLINICS OF DOCTORS OF MEDICINE","OFFICES AND CLINICS OF MEDICAL DOCTORS","20","20","1999","2894789","2072000","50","G","3","0","0",NULL,NULL,NULL,NULL,NULL,NULL,NULL,NULL,NULL,NULL,NULL,NULL,NULL,"N",NULL,NULL,NULL,NULL,NULL,NULL,NULL,"0","0",NULL,NULL,"0101000020E6100000600364E067486240F0E920B5581643C0",35
"TREVOR MITCHELL ENTERPRISES PTY. LTD.",NULL,"1215867377",NULL,NULL,"AUS",NULL,"TOWNSVILLE","TOWNSVILLE","QUEENSLAND","QLD","4810","1/25 THE STRAND, TOWNSVILLE, QLD 4810","1/25 THE STRAND","TOWNSVILLE, QLD 4810","146.820383576351","-19.2541373549518","S5HPNTSCZA","HIGH","61",NULL,NULL,NULL,NULL,NULL,"BUSINESS SERVICES, NEC, NSK","7389",NULL,"73890000","BUSINESS SERVICES, NEC",NULL,10037389,"DIVISION I. - SERVICES","BUSINESS SERVICES","MISCELLANEOUS BUSINESS SERVICES","BUSINESS SERVICES, NEC","4","4","2007","1032835","851963","50","G","0","0","0",NULL,NULL,NULL,NULL,NULL,NULL,NULL,NULL,NULL,NULL,NULL,NULL,NULL,"N",NULL,NULL,NULL,NULL,NULL,NULL,NULL,"0","0",NULL,NULL,"0101000020E61000004CD30E95405A6240BE354C250F4133C0",36
"HEADTAP PTY LTD",NULL,"1215888978",NULL,NULL,"AUS",NULL,"FYSHWICK",NULL,"AUSTRALIAN CAPITAL TERRITORY","ACT","2609","U 2 27 YALLOURN ST, FYSHWICK, ACT 2609","U 2 27 YALLOURN ST","FYSHWICK, ACT 2609","149.17236293","-35.3319647991095","S8HPNTSCZG","HIGH","61","0419 015 689",NULL,NULL,NULL,NULL,"COMPUTER RELATED SERVICES, NEC, NSK","7379",NULL,"73790000","COMPUTER RELATED SERVICES, NEC",NULL,10037379,"DIVISION I. - SERVICES","BUSINESS SERVICES","COMPUTER PROGRAMMING, DATA PROCESSING, AND OTHER COMPUTER RELATED SERVICES","COMPUTER RELATED SERVICES, NEC","25","25","2007","1225539","1010920","50","G","3","0","0",NULL,NULL,NULL,NULL,NULL,NULL,NULL,NULL,NULL,NULL,NULL,NULL,NULL,"N",NULL,NULL,NULL,NULL,NULL,NULL,NULL,"0","0",NULL,NULL,"0101000020E6100000916C43FF83A562409CCC91D27DAA41C0",37
"GAVCO INSTRUMENTATION SERVICE AND REPAIRS PTY LTD",NULL,"1215901125",NULL,NULL,"AUS",NULL,"ROMA",NULL,"QUEENSLAND","QLD","4455","152 ROSLYN DR, ROMA, QLD 4455","152 ROSLYN DR","ROMA, QLD 4455","148.82177104","-26.5689360092446","S4HPNTSCZG","HIGH","61","(07) 4622 5816",NULL,NULL,NULL,NULL,"HEAVY CONSTRUCTION EQUIPMENT RENTAL, NSK","7353",NULL,"73530000","HEAVY CONSTRUCTION EQUIPMENT RENTAL",NULL,10037353,"DIVISION I. - SERVICES","BUSINESS SERVICES","MISCELLANEOUS EQUIPMENT RENTAL AND LEASING","HEAVY CONSTRUCTION EQUIPMENT RENTAL","2","2","1999","735896","607024","50","G","3","0","0",NULL,NULL,NULL,NULL,NULL,NULL,NULL,NULL,NULL,NULL,NULL,NULL,NULL,"N",NULL,NULL,NULL,NULL,NULL,NULL,NULL,"0","0",NULL,NULL,"0101000020E610000032B3C7F24B9A6240E93851CAA5913AC0",38
"RNG NOMINEES PTY. LTD.",NULL,"1215910486",NULL,NULL,"AUS",NULL,"HUGHESDALE",NULL,"VICTORIA","VIC","3166","U 6 1310 DANDENONG RD, HUGHESDALE, VIC 3166","U 6 1310 DANDENONG RD","HUGHESDALE, VIC 3166","145.07845871","-37.887689289085294","S8HPNTSCZG","HIGH","61","0412 382 828",NULL,NULL,NULL,NULL,"INVESTORS, NEC","6799",NULL,"67990000","INVESTORS, NEC",NULL,10030736,"DIVISION H. - FINANCE, INSURANCE, AND REAL ESTATE","HOLDING AND OTHER INVESTMENT OFFICES","MISCELLANEOUS INVESTING","INVESTORS, NEC/INVESTMENT ADVISORS","2","2","2008","225990","186414","50","G","3","0","0",NULL,NULL,NULL,NULL,NULL,NULL,NULL,NULL,NULL,NULL,NULL,NULL,NULL,"N",NULL,NULL,NULL,NULL,NULL,NULL,NULL,"0","0",NULL,NULL,"0101000020E61000002A31D7BB82226240BFD078CD9FF142C0",39
"MARCUS KORO ALEXANDER SILBERY",NULL,"1216010781",NULL,NULL,"AUS",NULL,"AUCHENFLOWER",NULL,"QUEENSLAND","QLD","4066","6/18 RIDLEY ST, AUCHENFLOWER, QLD 4066","6/18 RIDLEY ST","AUCHENFLOWER, QLD 4066","152.99569622","-27.4754111192271","S8HPNTSCZG","HIGH","61",NULL,NULL,NULL,NULL,NULL,"CUSTOM COMPUTER PROGRAMMING SERVICES, NSK","7371",NULL,"73710000","CUSTOM COMPUTER PROGRAMMING SERVICES",NULL,10037371,"DIVISION I. - SERVICES","BUSINESS SERVICES","COMPUTER PROGRAMMING, DATA PROCESSING, AND OTHER COMPUTER RELATED SERVICES","CUSTOM COMPUTER PROGRAMMING SERVICES","1","1","2005","480602","344000","50","G","0","0","0",NULL,NULL,NULL,NULL,NULL,NULL,NULL,NULL,NULL,NULL,NULL,NULL,NULL,"N",NULL,NULL,NULL,NULL,NULL,NULL,NULL,"0","0",NULL,NULL,"0101000020E6100000D4B451BEDC1F6340333C098BB4793BC0",40
"LEANBRIDGE PTY. LTD.",NULL,"1216061334",NULL,NULL,"AUS",NULL,"CANNON HILL",NULL,"QUEENSLAND","QLD","4170","15 BROCK ST, CANNON HILL, QLD 4170","15 BROCK ST","CANNON HILL, QLD 4170","153.0844876","-27.4669206392272","S8HPNTSCZG","HIGH","61","(07) 3899 3558",NULL,NULL,NULL,NULL,"CONCRETE WORK","1771",NULL,"17710000","CONCRETE WORK",NULL,10011771,"DIVISION C. - CONSTRUCTION","CONSTRUCTION - SPECIAL TRADE CONTRACTORS","CONCRETE WORK","CONCRETE WORK","3","3","1988","296455","244539","50","G","3","0","0",NULL,NULL,NULL,NULL,NULL,NULL,NULL,NULL,NULL,NULL,NULL,NULL,NULL,"N",NULL,NULL,NULL,NULL,NULL,NULL,NULL,"0","0",NULL,NULL,"0101000020E61000005CDD561FB4226340E94E6B1C88773BC0",41
"JNS FAMILY PTY LTD",NULL,"1216092079",NULL,NULL,"AUS",NULL,"RESERVOIR",NULL,"VICTORIA","VIC","3073","26A NORTH RD, RESERVOIR, VIC 3073","26A NORTH RD","RESERVOIR, VIC 3073","145.02308471","-37.721465599086706","S8HPNTSCZG","HIGH","61","0418 107 011",NULL,NULL,NULL,NULL,"INVESTORS, NEC","6799",NULL,"67990000","INVESTORS, NEC",NULL,10030736,"DIVISION H. - FINANCE, INSURANCE, AND REAL ESTATE","HOLDING AND OTHER INVESTMENT OFFICES","MISCELLANEOUS INVESTING","INVESTORS, NEC/INVESTMENT ADVISORS","1","1","2008","729541","601782","50","G","3","0","0",NULL,NULL,NULL,NULL,NULL,NULL,NULL,NULL,NULL,NULL,NULL,NULL,NULL,"N",NULL,NULL,NULL,NULL,NULL,NULL,NULL,"0","0",NULL,NULL,"0101000020E61000009B4F251CBD2062401BA218FC58DC42C0",42
"METRO LOCK LOCKSMITHS PTY LTD",NULL,"1216100277","METRO LOCK LOCKSMITH",NULL,"AUS",NULL,"CONCORD",NULL,"NEW SOUTH WALES","NSW","2137","12 AUGUSTA ST, CONCORD, NSW 2137","12 AUGUSTA ST","CONCORD, NSW 2137","151.10329794","-33.8474571991268","S8HPNTSCZG","HIGH","61","0414 421 498",NULL,NULL,NULL,NULL,"REPAIR SERVICES, NEC, NSK","7699",NULL,"76990000","REPAIR SERVICES, NEC",NULL,10010415,"DIVISION I. - SERVICES","MISCELLANEOUS REPAIR SERVICES","MISCELLANEOUS REPAIR SHOPS AND RELATED SERVICES","REPAIR SERVICES, NEC/OTHER REPAIR SHOPS","1","1","2008","142098","117214","50","G","3","0","0",NULL,NULL,NULL,NULL,NULL,NULL,NULL,NULL,NULL,NULL,NULL,NULL,NULL,"N",NULL,NULL,NULL,NULL,NULL,NULL,NULL,"0","0",NULL,NULL,"0101000020E61000006A417B374EE3624033813D7A79EC40C0",43
"NOOKANDERRI NOMINEES PTY LTD",NULL,"1231348315","NOOKANDERRI FARM",NULL,"AUS",NULL,"BINNU",NULL,"WESTERN AUSTRALIA","WA","6532","331 FORD RD, BINNU, WA 6532","331 FORD RD","BINNU, WA 6532","114.905247","-28.087644999215698","S8HPNTSCZG","HIGH","61",NULL,NULL,NULL,NULL,NULL,"WHEAT","111",NULL,"1110000","WHEAT",NULL,10050111,"DIVISION A. - AGRICULTURE, FORESTRY, AND FISHING","AGRICULTURAL PRODUCTION - CROPS","CASH GRAINS","WHEAT","2","2","1976","467277","385447","50","G","3","0","0",NULL,NULL,NULL,NULL,NULL,NULL,NULL,NULL,NULL,NULL,NULL,NULL,NULL,"N",NULL,NULL,NULL,NULL,NULL,NULL,NULL,"0","0",NULL,NULL,"0101000020E610000056F31C91EFB95C40144A15E76F163CC0",44
"SIEMONS LAWYERS",NULL,"1253622600",NULL,NULL,"AUS",NULL,"NOOSA HEADS",NULL,"QUEENSLAND","QLD","4567","1 LANYANA WAY, NOOSA HEADS, QLD 4567","1 LANYANA WAY","NOOSA HEADS, QLD 4567","153.09119989","-26.3995437892479","S8HPNTSCZG","HIGH","61","(07) 5474 5777",NULL,NULL,"WWW.SIEMONSLAWYERS.COM.AU",NULL,"LEGAL SERVICES, NSK","8111",NULL,"81110000","LEGAL SERVICES",NULL,10030722,"DIVISION I. - SERVICES","LEGAL SERVICES","LEGAL SERVICES","LEGAL SERVICES","3","3","2001","1222580","878817","50","G","13","0","0",NULL,NULL,NULL,NULL,NULL,NULL,NULL,NULL,NULL,NULL,NULL,NULL,NULL,"N",NULL,NULL,NULL,NULL,NULL,NULL,NULL,"0","0",NULL,NULL,"0101000020E61000005D1E081CEB226340C023748048663AC0",45
"RODNEY MARK VALLANCE",NULL,"1253623780","R M V TOOLS",NULL,"AUS",NULL,"EATON",NULL,"WESTERN AUSTRALIA","WA","6232","13 DOVE CT, EATON, WA 6232","13 DOVE CT","EATON, WA 6232","115.71731000000001","-33.3231699991335","S8HPNTSCZG","HIGH","61","0427 153 652",NULL,NULL,NULL,NULL,"INVESTMENT OFFICES, NEC","6726",NULL,"67260000","INVESTMENT OFFICES, NEC",NULL,10036726,"DIVISION H. - FINANCE, INSURANCE, AND REAL ESTATE","HOLDING AND OTHER INVESTMENT OFFICES","INVESTMENT OFFICES","INVESTMENT OFFICES, NEC","1","1","2000","134567","96730","50","G","0","0","0",NULL,NULL,NULL,NULL,NULL,NULL,NULL,NULL,NULL,NULL,NULL,NULL,NULL,"N",NULL,NULL,NULL,NULL,NULL,NULL,NULL,"0","0",NULL,NULL,"0101000020E610000001C63368E8ED5C40D2A970A25DA940C0",46
"JADE ELECTRICAL PTY. LTD.",NULL,"1255339403",NULL,NULL,"AUS",NULL,"VIRGINIA",NULL,"NORTHERN TERRITORY","NT","820","65 CARAMBOLA RD, VIRGINIA, NT 0820","65 CARAMBOLA RD","VIRGINIA, NT 0820","131.050638","-12.549760999599302","S8HPNTSC-G","HIGH","61","(08) 8988 5339",NULL,NULL,NULL,NULL,"ELECTRICAL WORK, NSK","1731",NULL,"17310000","ELECTRICAL WORK",NULL,10011731,"DIVISION C. - CONSTRUCTION","CONSTRUCTION - SPECIAL TRADE CONTRACTORS","ELECTRICAL WORK","ELECTRICAL WORK","1","1","1999","142098","117214","50","G","3","0","0",NULL,NULL,NULL,NULL,NULL,NULL,NULL,NULL,NULL,NULL,NULL,NULL,NULL,"N",NULL,NULL,NULL,NULL,NULL,NULL,NULL,"0","0",NULL,NULL,"0101000020E6100000EA3D95D39E61604061CA13467A1929C0",47
"YANG'S DUMPLING FRANCHISE PTY LTD",NULL,"1264860112",NULL,NULL,"AUS",NULL,"PARRAMATTA",NULL,"NEW SOUTH WALES","NSW","2150","1170 175 CHURCH ST, PARRAMATTA, NSW 2150","1170 175 CHURCH ST","PARRAMATTA, NSW 2150","151.00211904","-33.817705349127195","S8HPNTSCZG","HIGH","61","(02) 8677 9215",NULL,NULL,NULL,NULL,"RETAIL BAKERIES","5461",NULL,"54610000","RETAIL BAKERIES",NULL,10010352,"DIVISION G. - RETAIL TRADE","FOOD STORES","RETAIL BAKERIES","RETAIL BAKERIES","4","4","2015","2948765","2432371","50","G","3","0","0",NULL,NULL,NULL,NULL,NULL,NULL,NULL,NULL,NULL,NULL,NULL,NULL,NULL,"N",NULL,NULL,NULL,NULL,NULL,NULL,NULL,"0","0",NULL,NULL,"0101000020E6100000F7EFF25B11E06240FE21A291AAE840C0",48
"SHANNON BODEKER & ASSOCIATES PTY LTD",NULL,"1272100004",NULL,NULL,"AUS",NULL,"PERTH",NULL,"WESTERN AUSTRALIA","WA","6000","L 3 267 ST GEORGES TCE, PERTH, WA 6000","L 3 267 ST GEORGES TCE","PERTH, WA 6000","115.84908999999999","-31.952729999152304","S8HPNTSCZG","HIGH","61","(08) 9323 7711",NULL,NULL,"WWW.SBALEGAL.COM.AU",NULL,"LEGAL SERVICES, NSK","8111",NULL,"81110000","LEGAL SERVICES",NULL,10030722,"DIVISION I. - SERVICES","LEGAL SERVICES","LEGAL SERVICES","LEGAL SERVICES","6","6","2014","2063801","1702384","50","G","3","0","0",NULL,NULL,NULL,NULL,NULL,NULL,NULL,NULL,NULL,NULL,NULL,NULL,NULL,"N",NULL,NULL,NULL,NULL,NULL,NULL,NULL,"0","0",NULL,NULL,"0101000020E61000001457957D57F65C40FA46FC1CE6F33FC0",49
"LINARCH PTY LTD",NULL,"1274226164",NULL,NULL,"AUS",NULL,"RANDWICK",NULL,"NEW SOUTH WALES","NSW","2031","11 CLOVELLY RD, RANDWICK, NSW 2031","11 CLOVELLY RD","RANDWICK, NSW 2031","151.24287941","-33.9032482391261","S8HPNTSCZG","HIGH","61","(02) 9398 6376",NULL,NULL,NULL,NULL,"ARCHITECTURAL SERVICES","8712",NULL,"87120000","ARCHITECTURAL SERVICES",NULL,10038712,"DIVISION I. - SERVICES","ENGINEERING, ACCOUNTING, RESEARCH, AND MANAGEMENT SERVICES","ENGINEERING, ARCHITECTURAL, AND SURVEYING SERVICES","ARCHITECTURAL SERVICES","5","5","1995","1016706","838658","50","G","0","0","0",NULL,NULL,NULL,NULL,NULL,NULL,NULL,NULL,NULL,NULL,NULL,NULL,NULL,"N",NULL,NULL,NULL,NULL,NULL,NULL,NULL,"0","0",NULL,NULL,"0101000020E61000004C5A0AABC5E76240AC9B67A39DF340C0",50
"STRAWBERRY BLEU & CO",NULL,"1274235074",NULL,NULL,"AUS",NULL,"ROZELLE",NULL,"NEW SOUTH WALES","NSW","2039","15 NAPOLEON ST, ROZELLE, NSW 2039","15 NAPOLEON ST","ROZELLE, NSW 2039","151.17216902","-33.8632800391266","S8HPNTSCZG","HIGH","61","0404 379 605",NULL,NULL,"WWW.STRAWBERRYBLEU.COM",NULL,"PAPER MILLS","2621",NULL,"26210000","PAPER MILLS",NULL,10062621,"DIVISION D. - MANUFACTURING","PAPER AND ALLIED PRODUCTS","PAPER MILLS","PAPER MILLS","1","1","2013","684578","490000","50","G","0","0","0",NULL,NULL,NULL,NULL,NULL,NULL,NULL,NULL,NULL,NULL,NULL,NULL,NULL,"N",NULL,NULL,NULL,NULL,NULL,NULL,NULL,"0","0",NULL,NULL,"0101000020E61000001AC99A6882E562404FABD7F57FEE40C0",51
"A.D CROSSLAND & J.C MCDONALD",NULL,"1274268258",NULL,NULL,"AUS",NULL,"SYDNEY",NULL,"NEW SOUTH WALES","NSW","2000","L 22 52 MARTIN PL, SYDNEY, NSW 2000","L 22 52 MARTIN PL","SYDNEY, NSW 2000","151.21092849","-33.8676603491265","S8HPNTSCZG","HIGH","61","(02) 9151 2222",NULL,NULL,"WWW.LEVEL22.COM.AU",NULL,"LEGAL SERVICES, NSK","8111",NULL,"81110000","LEGAL SERVICES",NULL,10030722,"DIVISION I. - SERVICES","LEGAL SERVICES","LEGAL SERVICES","LEGAL SERVICES","6","6","2013","2083074","1491000","50","G","0","0","0",NULL,NULL,NULL,NULL,NULL,NULL,NULL,NULL,NULL,NULL,NULL,NULL,NULL,"N",NULL,NULL,NULL,NULL,NULL,NULL,NULL,"0","0",NULL,NULL,"0101000020E610000007CB1AEDBFE6624063C48B7E0FEF40C0",52
"MANYPEAKS PTY. LTD.",NULL,"1277367992","DARCHE CAMPING EQUIPMENT",NULL,"AUS",NULL,"KIALLA","GREATER SHEPPARTON","VICTORIA","VIC","3631","5 MIDSTAR COURT, KIALLA, VIC 3631","5 MIDSTAR COURT","KIALLA, VIC 3631","145.394116661332","-36.4124548686532","S5-PN-SCZA","MEDIUM","61",NULL,NULL,NULL,"WWW.DARCHE.COM.AU",NULL,"SPORTING AND RECREATION GOODS","5091","3949","50910000","SPORTING AND RECREATION GOODS",NULL,10035091,"DIVISION F. - WHOLESALE TRADE","WHOLESALE TRADE - DURABLE GOODS","MISCELLANEOUS DURABLE GOODS","SPORTING AND RECREATION GOODS","5","5","1993","2458811","1697000","50","B","0","0","0",NULL,NULL,NULL,NULL,NULL,NULL,NULL,NULL,NULL,NULL,NULL,NULL,NULL,"N",NULL,NULL,NULL,NULL,NULL,NULL,NULL,"0","0",NULL,NULL,"0101000020E610000059678B9A9C2C624082F83552CB3442C0",53
"IAN C LONG & TAMMY A COOK",NULL,"1282719399",NULL,NULL,"AUS",NULL,"PORT AUGUSTA","PORT AUGUSTA","SOUTH AUSTRALIA","SA","5700","492 RACECOURSE RD, PORT AUGUSTA, SA 5700","492 RACECOURSE RD","PORT AUGUSTA, SA 5700","137.79870593918002","-32.488810975480696","S5HPNTSCZA","HIGH","61","(08) 8642 6172",NULL,NULL,NULL,NULL,"NONRESIDENTIAL CONSTRUCTION, NEC, NSK","1542",NULL,"15420000","NONRESIDENTIAL CONSTRUCTION, NEC",NULL,10071542,"DIVISION C. - CONSTRUCTION","CONSTRUCTION - GENERAL CONTRACTORS AND OPERATIVE BUILDERS","GENERAL BUILDING CONTRACTORS - NONRESIDENTIAL BUILDINGS","NONRESIDENTIAL CONSTRUCTION, NEC","4","4","1999","5985116","4302233","50","G","12","0","0",NULL,NULL,NULL,NULL,NULL,NULL,NULL,NULL,NULL,NULL,NULL,NULL,NULL,"N",NULL,NULL,NULL,NULL,NULL,NULL,NULL,"0","0",NULL,NULL,"0101000020E6100000C6FCC1FF8E396140C7CEA85B913E40C0",54
"CAPMORE EQUIPMENT PTY. LTD.",NULL,"1282807652",NULL,NULL,"AUS",NULL,"PASCOE VALE",NULL,"VICTORIA","VIC","3044","24 SIMS STREET, PASCOE VALE, VIC 3044","24 SIMS STREET","PASCOE VALE, VIC 3044","144.940846","-37.723773999086596","S8HPNTSCZG","HIGH","61","0411 858 581",NULL,NULL,NULL,NULL,"OFFICE EQUIPMENT","5044",NULL,"50440000","OFFICE EQUIPMENT",NULL,10010348,"DIVISION F. - WHOLESALE TRADE","WHOLESALE TRADE - DURABLE GOODS","PROFESSIONAL AND COMMERCIAL EQUIPMENT AND SUPPLIES","OFFICE EQUIPMENT","4","4","1986","1109422","773000","50","G","3","0","0",NULL,NULL,NULL,NULL,NULL,NULL,NULL,NULL,NULL,NULL,NULL,NULL,NULL,"N",NULL,NULL,NULL,NULL,NULL,NULL,NULL,"0","0",NULL,NULL,"0101000020E6100000511212691B1E6240D3E25BA0A4DC42C0",55
"D.S BUILDING CONSULTANTS",NULL,"1283838594",NULL,NULL,"AUS",NULL,"EARLWOOD",NULL,"NEW SOUTH WALES","NSW","2206","L 1 222 HOMER ST, EARLWOOD, NSW 2206","L 1 222 HOMER ST","EARLWOOD, NSW 2206","151.1273518","-33.9269661391258","S8HPNTSCZG","HIGH","61","(02) 9573 1001",NULL,NULL,NULL,NULL,"ENGINEERING SERVICES, NSK","8711",NULL,"87110000","ENGINEERING SERVICES",NULL,10038711,"DIVISION I. - SERVICES","ENGINEERING, ACCOUNTING, RESEARCH, AND MANAGEMENT SERVICES","ENGINEERING, ARCHITECTURAL, AND SURVEYING SERVICES","ENGINEERING SERVICES","1","1","2005","384202","275000","50","G","0","0","0",NULL,NULL,NULL,NULL,NULL,NULL,NULL,NULL,NULL,NULL,NULL,NULL,NULL,"N",NULL,NULL,NULL,NULL,NULL,NULL,NULL,"0","0",NULL,NULL,"0101000020E6100000C702154413E46240B90592D3A6F640C0",56
"BOURNE ENTERPRISES PTY. LIMITED",NULL,"1291095604","ADAWN SHOE COLOURING",NULL,"AUS",NULL,"WANTIRNA SOUTH",NULL,"VICTORIA","VIC","3152","25 RENOU RD, WANTIRNA SOUTH, VIC 3152","25 RENOU RD","WANTIRNA SOUTH, VIC 3152","145.225144","-37.8683129990855","S8HPNTSCZG","HIGH","61",NULL,NULL,NULL,NULL,NULL,"WOMENS CLOTHING STORES","5621",NULL,"56210000","WOMEN'S CLOTHING STORES",NULL,10010318,"DIVISION G. - RETAIL TRADE","APPAREL AND ACCESSORY STORES","WOMEN'S CLOTHING STORES","WOMEN'S CLOTHING STORES","4","4","1988","390065","321756","50","G","0","0","0",NULL,NULL,NULL,NULL,NULL,NULL,NULL,NULL,NULL,NULL,NULL,NULL,NULL,"N",NULL,NULL,NULL,NULL,NULL,NULL,NULL,"0","0",NULL,NULL,"0101000020E6100000809C306134276240C7E15EE124EF42C0",57
"DOROTHY ANNETTE THOMAS",NULL,"1296235753","SILKSTONE NEWSAGENCY",NULL,"AUS",NULL,"SILKSTONE",NULL,"QUEENSLAND","QLD","4304","126 BLACKSTONE RD, SILKSTONE, QLD 4304","126 BLACKSTONE RD","SILKSTONE, QLD 4304","152.78871045","-27.6213382092243","S8HPNTSCZG","HIGH","61",NULL,NULL,NULL,NULL,NULL,"NEWS DEALERS AND NEWSSTANDS, NSK","5994",NULL,"59940000","NEWS DEALERS AND NEWSSTANDS",NULL,10015994,"DIVISION G. - RETAIL TRADE","MISCELLANEOUS RETAIL","RETAIL STORES, NOT ELSEWHERE CLASSIFIED","NEWS DEALERS AND NEWSSTANDS","1","1","2014","297794","214061","50","G","0","0","0",NULL,NULL,NULL,NULL,NULL,NULL,NULL,NULL,NULL,NULL,NULL,NULL,NULL,"N",NULL,NULL,NULL,NULL,NULL,NULL,NULL,"0","0",NULL,NULL,"0101000020E61000006E98B21D3D196340A35F5805109F3BC0",58
"PRICE & CO. BUILDERS PTY LTD",NULL,"1297753962",NULL,NULL,"AUS",NULL,"ELMHURST",NULL,"VICTORIA","VIC","3469","GRN ST, ELMHURST, VIC 3469","GRN ST","ELMHURST, VIC 3469","143.2454","-37.17702","G3","LOW","61","0400 048 422",NULL,NULL,NULL,NULL,"OPERATIVE BUILDERS, NSK","1531",NULL,"15310000","OPERATIVE BUILDERS",NULL,10031531,"DIVISION C. - CONSTRUCTION","CONSTRUCTION - GENERAL CONTRACTORS AND OPERATIVE BUILDERS","OPERATIVE BUILDERS","OPERATIVE BUILDERS","4","4","2015","622857","469620","50","G","3","0","0",NULL,NULL,NULL,NULL,NULL,NULL,NULL,NULL,NULL,NULL,NULL,NULL,NULL,"N",NULL,NULL,NULL,NULL,NULL,NULL,NULL,"0","0",NULL,NULL,"0101000020E610000007CE1951DAE76140745E6397A89642C0",59
"PENCON BUILDING GROUP PTY. LTD.",NULL,"1298156757",NULL,NULL,"AUS",NULL,"RYE",NULL,"VICTORIA","VIC","3941","58 PENINSULA AVE, RYE, VIC 3941","58 PENINSULA AVE","RYE, VIC 3941","144.80635700000002","-38.3778709990815","S8HPNTSCZG","HIGH","61",NULL,NULL,NULL,NULL,NULL,"CENTRAL-MIXED CONCRETE","3273",NULL,"32730000","READY-MIXED CONCRETE",NULL,10013273,"DIVISION D. - MANUFACTURING","STONE, CLAY, GLASS, AND CONCRETE PRODUCTS","CONCRETE, GYPSUM, AND PLASTER PRODUCTS","READY-MIXED CONCRETE","25","25","2016","1903628","1570261","50","G","3","0","0",NULL,NULL,NULL,NULL,NULL,NULL,NULL,NULL,NULL,NULL,NULL,NULL,NULL,"N",NULL,NULL,NULL,NULL,NULL,NULL,NULL,"0","0",NULL,NULL,"0101000020E6100000D3FC31ADCD196240B994AF135E3043C0",60
"ANNA BLATMAN",NULL,"1311053193",NULL,NULL,"AUS",NULL,"ELSTERNWICK",NULL,"VICTORIA","VIC","3185","307 KOOYONG RD, ELSTERNWICK, VIC 3185","307 KOOYONG RD","ELSTERNWICK, VIC 3185","145.01484468","-37.885461599085296","S8HPNTSCZG","HIGH","61","0409 196 544",NULL,NULL,"WWW.ANNABLATMAN.COM",NULL,"SERVICES, NEC, NSK","8999",NULL,"89990000","SERVICES, NEC",NULL,10030701,"DIVISION I. - SERVICES","SERVICES, NEC","SERVICES, NOT ELSEWHERE CLASSIFIED","COMPANY - SERVICE/SERVICES, NEC","1","1","2005","154219","110856","50","G","0","0","0",NULL,NULL,NULL,NULL,NULL,NULL,NULL,NULL,NULL,NULL,NULL,NULL,NULL,"N",NULL,NULL,NULL,NULL,NULL,NULL,NULL,"0","0",NULL,NULL,"0101000020E6100000D4E38C9B79206240B5F740CE56F142C0",61
"PAUL ROBIN ELSTON",NULL,"1319210031","PROGRESSIVE ELECTRICAL SERVICES",NULL,"AUS",NULL,"BROKEN HILL",NULL,"NEW SOUTH WALES","NSW","2880","78 NEWTON ST, BROKEN HILL, NSW 2880","78 NEWTON ST","BROKEN HILL, NSW 2880","141.43388196","-31.966144579152104","S8HPNTSCZG","HIGH","61","0412 544 727",NULL,NULL,NULL,NULL,"ELECTRICAL WORK, NSK","1731",NULL,"17310000","ELECTRICAL WORK",NULL,10011731,"DIVISION C. - CONSTRUCTION","CONSTRUCTION - SPECIAL TRADE CONTRACTORS","ELECTRICAL WORK","ELECTRICAL WORK","1","1","2005","597076","429191","50","G","13","0","0",NULL,NULL,NULL,NULL,NULL,NULL,NULL,NULL,NULL,NULL,NULL,NULL,NULL,"N",NULL,NULL,NULL,NULL,NULL,NULL,NULL,"0","0",NULL,NULL,"0101000020E6100000C8906B5CE2AD61407DAA4A4055F73FC0",62
"ALARM SECURITY SYSTEMS",NULL,"1320109980",NULL,NULL,"AUS",NULL,"GLEBE",NULL,"NEW SOUTH WALES","NSW","2037","28 TALFOURD ST, GLEBE, NSW 2037","28 TALFOURD ST","GLEBE, NSW 2037","151.18778939","-33.8798864991264","S8HPNTSCZG","HIGH","61","(02) 9660 7858",NULL,NULL,NULL,NULL,"SECURITY SYSTEMS SERVICES","7382",NULL,"73820000","SECURITY SYSTEMS SERVICES",NULL,10037382,"DIVISION I. - SERVICES","BUSINESS SERVICES","MISCELLANEOUS BUSINESS SERVICES","SECURITY SYSTEMS SERVICES","1","1","2000","465234","333000","50","G","0","0","0",NULL,NULL,NULL,NULL,NULL,NULL,NULL,NULL,NULL,NULL,NULL,NULL,NULL,"N",NULL,NULL,NULL,NULL,NULL,NULL,NULL,"0","0",NULL,NULL,"0101000020E6100000BF12E55E02E662404CF8EC1EA0F040C0",63
"HOT SPICY STICK BOX HILL PTY LTD",NULL,"1336739117",NULL,NULL,"AUS",NULL,"OAKLEIGH",NULL,"VICTORIA","VIC","3166","UNIT 24 18-20 EDWARD STREET, OAKLEIGH, VIC 3166","UNIT 24 18-20 EDWARD STREET","OAKLEIGH, VIC 3166","145.09805258","-37.9073762990852","S8HPNTSCZG","HIGH","61",NULL,NULL,NULL,NULL,NULL,"RETAIL BAKERIES","5461",NULL,"54610000","RETAIL BAKERIES",NULL,10010352,"DIVISION G. - RETAIL TRADE","FOOD STORES","RETAIL BAKERIES","RETAIL BAKERIES","5","5","2016","7155102","5902086","50","G","3","0","0",NULL,NULL,NULL,NULL,NULL,NULL,NULL,NULL,NULL,NULL,NULL,NULL,NULL,"N",NULL,NULL,NULL,NULL,NULL,NULL,NULL,"0","0",NULL,NULL,"0101000020E61000006E0C2A3F2323624044DE14E824F442C0",64
"MR ROBERT STANLEY WHEATLEY",NULL,"1338925639","ROBERT WHEATLEY",NULL,"AUS",NULL,"SELLICKS BEACH",NULL,"SOUTH AUSTRALIA","SA","5174","92 ALEXANDER ST, SELLICKS BEACH, SA 5174","92 ALEXANDER ST","SELLICKS BEACH, SA 5174","138.44932849999998","-35.3380966091094","S8HPNTSCZG","HIGH","61",NULL,NULL,NULL,NULL,NULL,"MASONRY AND OTHER STONEWORK","1741",NULL,"17410000","MASONRY AND OTHER STONEWORK",NULL,10041741,"DIVISION C. - CONSTRUCTION","CONSTRUCTION - SPECIAL TRADE CONTRACTORS","MASONRY, STONEWORK, TILE SETTING, AND PLASTERING","MASONRY AND OTHER STONEWORK","1","1","2000","303233","217971","50","G","0","0","0",NULL,NULL,NULL,NULL,NULL,NULL,NULL,NULL,NULL,NULL,NULL,NULL,NULL,"N",NULL,NULL,NULL,NULL,NULL,NULL,NULL,"0","0",NULL,NULL,"0101000020E6100000249529E6604E6140B681EBBF46AB41C0",65
"V & L D'ANGELO FAMILY TRUST",NULL,"1343164665","GREEN HILLS FRESH FRUIT PAVILLION",NULL,"AUS",NULL,"GREEN HILLS","MAITLAND","NEW SOUTH WALES","NSW","2323","MITCHELL DR, GREEN HILLS, NSW 2323","MITCHELL DR","GREEN HILLS, NSW 2323","151.58924","-32.762285","S4-PNTS-ZA","LOW","61","(02) 4934 2140",NULL,NULL,NULL,NULL,"GROCERY STORES, NSK","5411",NULL,"54110000","GROCERY STORES",NULL,10010357,"DIVISION G. - RETAIL TRADE","FOOD STORES","GROCERY STORES","GROCERY STORES/GROCERS","5","5","2000","11782809","8469742","50","G","0","0","0",NULL,NULL,NULL,NULL,NULL,NULL,NULL,NULL,NULL,NULL,NULL,NULL,NULL,"N",NULL,NULL,NULL,NULL,NULL,NULL,NULL,"0","0",NULL,NULL,"0101000020E6100000D72FD80DDBF262409D9D0C8E926140C0",66
"CARI MIGRATION SERVICES",NULL,"1343437031",NULL,NULL,"AUS",NULL,"MADELEY",NULL,"WESTERN AUSTRALIA","WA","6065","81 RUSSELL RD, MADELEY, WA 6065","81 RUSSELL RD","MADELEY, WA 6065","115.83322","-31.808059999154395","S8HPNTSCZG","HIGH","61","(08) 9303 2012",NULL,NULL,NULL,NULL,"LEGAL SERVICES, NSK","8111","8748","81110000","LEGAL SERVICES",NULL,10030722,"DIVISION I. - SERVICES","LEGAL SERVICES","LEGAL SERVICES","LEGAL SERVICES","6","6","2002","2303816","1649000","50","G","0","0","0",NULL,NULL,NULL,NULL,NULL,NULL,NULL,NULL,NULL,NULL,NULL,NULL,NULL,"N",NULL,NULL,NULL,NULL,NULL,NULL,NULL,"0","0",NULL,NULL,"0101000020E6100000E197FA7953F55C40EC922505DDCE3FC0",67
"RICHARD GRAHAM",NULL,"1346065769","MY SYDNEY DETOUR",NULL,"AUS",NULL,"REDFERN",NULL,"NEW SOUTH WALES","NSW","2016","177 LAWSON ST, REDFERN, NSW 2016","177 LAWSON ST","REDFERN, NSW 2016","151.19658034","-33.8913775091262","S8HPNTSCZG","HIGH","61","0404 256 256",NULL,NULL,"WWW.MYSYDNEYDETOUR.COM",NULL,"PASSENGER TRANSPORTATION ARRANGEMENT,NEC","4729",NULL,"47290000","PASSENGER TRANSPORTATION ARRANGEMENT",NULL,10034729,"DIVISION E. - TRANSPORTATION AND PUBLIC UTILITIES","TRANSPORTATION SERVICES","ARRANGEMENT OF PASSENGER TRANSPORTATION","PASSENGER TRANSPORTATION ARRANGEMENT","1","1","2006","154219","110856","50","G","0","0","0",NULL,NULL,NULL,NULL,NULL,NULL,NULL,NULL,NULL,NULL,NULL,NULL,NULL,"N",NULL,NULL,NULL,NULL,NULL,NULL,NULL,"0","0",NULL,NULL,"0101000020E6100000C56ADA624AE66240220B81A818F240C0",68
"THE TRUSTEE FOR THE MAP REAL ESTATE TRUST",NULL,"1350238878",NULL,NULL,"AUS",NULL,"RICHMOND",NULL,"VICTORIA","VIC","3121","447 SWAN ST, RICHMOND, VIC 3121","447 SWAN ST","RICHMOND, VIC 3121","145.00871304","-37.8266946890858","S8HPNTSCZG","HIGH","61","(03) 9420 0777",NULL,NULL,NULL,NULL,"REAL ESTATE AGENTS AND MANAGERS","6531",NULL,"65310000","REAL ESTATE AGENTS AND MANAGERS",NULL,10036531,"DIVISION H. - FINANCE, INSURANCE, AND REAL ESTATE","REAL ESTATE","REAL ESTATE AGENTS AND MANAGERS","REAL ESTATE AGENTS AND MANAGERS","4","4","2003","792601","569739","50","G","0","0","0",NULL,NULL,NULL,NULL,NULL,NULL,NULL,NULL,NULL,NULL,NULL,NULL,NULL,"N",NULL,NULL,NULL,NULL,NULL,NULL,NULL,"0","0",NULL,NULL,"0101000020E610000029BB91604720624040B3AE21D1E942C0",69
"ROSS L & JOANNE L WILLIAMS",NULL,"1350442961","TUNCURRY SECURITY SERVICE",NULL,"AUS",NULL,"FORSTER",NULL,"NEW SOUTH WALES","NSW","2428","40 LIKELY ST, FORSTER, NSW 2428","40 LIKELY ST","FORSTER, NSW 2428","152.52431008","-32.189384859148895","S8HPNTSCZG","HIGH","61","(02) 6555 6222",NULL,NULL,NULL,NULL,"SECURITY SYSTEMS SERVICES","7382",NULL,"73820000","SECURITY SYSTEMS SERVICES",NULL,10037382,"DIVISION I. - SERVICES","BUSINESS SERVICES","MISCELLANEOUS BUSINESS SERVICES","SECURITY SYSTEMS SERVICES","3","3","2000","214012","153837","50","G","0","0","0",NULL,NULL,NULL,NULL,NULL,NULL,NULL,NULL,NULL,NULL,NULL,NULL,NULL,"N",NULL,NULL,NULL,NULL,NULL,NULL,NULL,"0","0",NULL,NULL,"0101000020E610000005D2EE25C7106340773358C33D1840C0",70
"MR NATHAN ROBERT SMITH",NULL,"1350543149",NULL,NULL,"AUS",NULL,"LAVINGTON",NULL,"NEW SOUTH WALES","NSW","2641","286 CHEYENNE DR, LAVINGTON, NSW 2641","286 CHEYENNE DR","LAVINGTON, NSW 2641","146.95200455","-36.049263599102","S8HPNTSCZG","HIGH","61",NULL,NULL,NULL,NULL,NULL,"CUSTOM COMPUTER PROGRAMMING SERVICES, NSK","7371",NULL,"73710000","CUSTOM COMPUTER PROGRAMMING SERVICES",NULL,10037371,"DIVISION I. - SERVICES","BUSINESS SERVICES","COMPUTER PROGRAMMING, DATA PROCESSING, AND OTHER COMPUTER RELATED SERVICES","CUSTOM COMPUTER PROGRAMMING SERVICES","1","1","2012","597076","429191","50","G","0","0","0",NULL,NULL,NULL,NULL,NULL,NULL,NULL,NULL,NULL,NULL,NULL,NULL,NULL,"N",NULL,NULL,NULL,NULL,NULL,NULL,NULL,"0","0",NULL,NULL,"0101000020E610000095FC3ED2765E62405F8305454E0642C0",71
"CJ & JA SHARPE",NULL,"1354553980",NULL,NULL,"AUS",NULL,"SORRENTO","JOONDALUP","WESTERN AUSTRALIA","WA","6020","HELSALL CT, SORRENTO, WA 6020","HELSALL CT","SORRENTO, WA 6020","115.74799596970699","-31.8259725378656","S4-PNTSCZA","MEDIUM","61","(08) 9243 3575",NULL,NULL,NULL,NULL,"ADVERTISING, NEC, NSK","7319",NULL,"73190000","ADVERTISING, NEC",NULL,10037319,"DIVISION I. - SERVICES","BUSINESS SERVICES","ADVERTISING","ADVERTISING, NEC","3","3","2002","214012","153837","50","G","0","0","0",NULL,NULL,NULL,NULL,NULL,NULL,NULL,NULL,NULL,NULL,NULL,NULL,NULL,"N",NULL,NULL,NULL,NULL,NULL,NULL,NULL,"0","0",NULL,NULL,"0101000020E61000009BDB7C2ADFEF5C40E186ADEF72D33FC0",72
"REBECCA LOUISE BAKER",NULL,"1358831190",NULL,NULL,"AUS",NULL,"MELBOURNE",NULL,"VICTORIA","VIC","3000","205 WILLIAM ST, MELBOURNE, VIC 3000","205 WILLIAM ST","MELBOURNE, VIC 3000","144.95727303","-37.814244599085896","S8HPNTSCZG","HIGH","61",NULL,NULL,NULL,NULL,NULL,"LEGAL SERVICES, NSK","8111",NULL,"81110000","LEGAL SERVICES",NULL,10030722,"DIVISION I. - SERVICES","LEGAL SERVICES","LEGAL SERVICES","LEGAL SERVICES","1","1","2012","183634","138456","50","G","0","0","0",NULL,NULL,NULL,NULL,NULL,NULL,NULL,NULL,NULL,NULL,NULL,NULL,NULL,"N",NULL,NULL,NULL,NULL,NULL,NULL,NULL,"0","0",NULL,NULL,"0101000020E61000002CA60CFBA11E62406002C22A39E842C0",73
"THE TRUSTEE FOR THE JULIEANN FAMILY TRUST",NULL,"1361037350","HIDE & SEEK BOUTIQUE",NULL,"AUS",NULL,"MOUNT ISA",NULL,"QUEENSLAND","QLD","4825","SHOP 3 / 6 WEST ST, MOUNT ISA, QLD 4825","SHOP 3 / 6 WEST ST","MOUNT ISA, QLD 4825","139.49053797","-20.7273142893748","S8HPNTSCZG","HIGH","61",NULL,NULL,NULL,NULL,NULL,"JEWELRY STORES","5944",NULL,"59440000","JEWELRY STORES",NULL,10015944,"DIVISION G. - RETAIL TRADE","MISCELLANEOUS RETAIL","MISCELLANEOUS SHOPPING GOODS STORES","JEWELRY STORES","4","4","2009","1606695","1154928","50","G","0","0","0",NULL,NULL,NULL,NULL,NULL,NULL,NULL,NULL,NULL,NULL,NULL,NULL,NULL,"N",NULL,NULL,NULL,NULL,NULL,NULL,NULL,"0","0",NULL,NULL,"0101000020E61000001453AF7CB26F61403BC7EE4431BA34C0",74
"JOSEPH HUM",NULL,"1367235990",NULL,NULL,"AUS",NULL,"THE GAP",NULL,"QUEENSLAND","QLD","4061","139 YOORALA ST, THE GAP, QLD 4061","139 YOORALA ST","THE GAP, QLD 4061","152.93142509","-27.4475776792276","S8HPNTSCZG","HIGH","61","(07) 3300 1647",NULL,NULL,NULL,NULL,"DENTAL LABORATORIES, NSK","8072",NULL,"80720000","DENTAL LABORATORIES",NULL,10238072,"DIVISION I. - SERVICES","HEALTH SERVICES","MEDICAL AND DENTAL LABORATORIES","DENTAL LABORATORIES","1","1",NULL,"597076","450182","50","G","0","0","0",NULL,NULL,NULL,NULL,NULL,NULL,NULL,NULL,NULL,NULL,NULL,NULL,NULL,"N",NULL,NULL,NULL,NULL,NULL,NULL,NULL,"0","0",NULL,NULL,"0101000020E61000002A87FD3BCE1D6340BEB3667394723BC0",75
"CHIHIRO OKAWA",NULL,"1367428688","SEE OF DESIGN",NULL,"AUS",NULL,"MOSMAN",NULL,"NEW SOUTH WALES","NSW","2088","58 RAGLAN STREET, MOSMAN, NSW 2088","58 RAGLAN STREET","MOSMAN, NSW 2088","151.23488748","-33.8384205791269","S8HPNTSCZG","HIGH","61","(02) 9969 9108",NULL,NULL,NULL,NULL,"ADVERTISING, NEC, NSK","7319",NULL,"73190000","ADVERTISING, NEC",NULL,10037319,"DIVISION I. - SERVICES","BUSINESS SERVICES","ADVERTISING","ADVERTISING, NEC","1","1","2008","480602","344000","50","G","0","0","0",NULL,NULL,NULL,NULL,NULL,NULL,NULL,NULL,NULL,NULL,NULL,NULL,NULL,"N",NULL,NULL,NULL,NULL,NULL,NULL,NULL,"0","0",NULL,NULL,"0101000020E6100000E09ABF3284E762405BD2935D51EB40C0",76
"A.L GORMAN & B.J GORMAN",NULL,"1369427858","B AND A GORMAN",NULL,"AUS",NULL,"CAMPBELLTOWN",NULL,"NEW SOUTH WALES","NSW","2560","L 2 SE 24 171-179 QUEEN STREET, CAMPBELLTOWN, NSW 2560","L 2 SE 24 171-179 QUEEN STREET","CAMPBELLTOWN, NSW 2560","150.81373743","-34.0668273191241","S8HPNTSCZG","HIGH","61",NULL,NULL,NULL,NULL,NULL,"LEGAL SERVICES, NSK","8111",NULL,"81110000","LEGAL SERVICES",NULL,10030722,"DIVISION I. - SERVICES","LEGAL SERVICES","LEGAL SERVICES","LEGAL SERVICES","6","6","2008","2370877","1697000","50","G","0","0","0",NULL,NULL,NULL,NULL,NULL,NULL,NULL,NULL,NULL,NULL,NULL,NULL,NULL,"N",NULL,NULL,NULL,NULL,NULL,NULL,NULL,"0","0",NULL,NULL,"0101000020E6100000322C14230ADA6240060F2FCC8D0841C0",77
"THE TRUSTEE FOR THE MACLEOD FAMILY TRUST",NULL,"1371538456","ARMADALE CAKES",NULL,"AUS",NULL,"ARMADALE",NULL,"VICTORIA","VIC","3143","U6 1097-1111 HIGH ST, ARMADALE, VIC 3143","U6 1097-1111 HIGH ST","ARMADALE, VIC 3143","145.024417","-37.8558129990856","S8HPNTSCZG","HIGH","61",NULL,NULL,NULL,NULL,NULL,"RETAIL BAKERIES","5461",NULL,"54610000","RETAIL BAKERIES",NULL,10010352,"DIVISION G. - RETAIL TRADE","FOOD STORES","RETAIL BAKERIES","RETAIL BAKERIES","5","5","2002","2728534","1953000","50","G","0","0","0",NULL,NULL,NULL,NULL,NULL,NULL,NULL,NULL,NULL,NULL,NULL,NULL,NULL,"N",NULL,NULL,NULL,NULL,NULL,NULL,NULL,"0","0",NULL,NULL,"0101000020E6100000ED0E2906C82062403C48C5478BED42C0",78
"TWENTY MACLEAY STREET LTD",NULL,"1371947029",NULL,NULL,"AUS",NULL,"ELIZABETH BAY",NULL,"NEW SOUTH WALES","NSW","2011","20 MACLEAY ST, ELIZABETH BAY, NSW 2011","20 MACLEAY ST","ELIZABETH BAY, NSW 2011","151.22583173","-33.8694802791265","S8HPNTSCZG","HIGH","61","(02) 9967 1300",NULL,NULL,NULL,NULL,"REAL PROPERTY LESSORS, NEC, NSK","6519",NULL,"65190000","REAL PROPERTY LESSORS, NEC",NULL,10016519,"DIVISION H. - FINANCE, INSURANCE, AND REAL ESTATE","REAL ESTATE","REAL ESTATE OPERATORS (EXCEPT DEVELOPERS) AND LESSORS","REAL PROPERTY LESSORS, NEC","8","8","1958","412634","312337","50","G","3","0","0",NULL,NULL,NULL,NULL,NULL,NULL,NULL,NULL,NULL,NULL,NULL,NULL,NULL,"N",NULL,NULL,NULL,NULL,NULL,NULL,NULL,"0","0",NULL,NULL,"0101000020E6100000F9D776033AE76240C1AE39214BEF40C0",79
"DORIAN PALADIN",NULL,"1372034968","CONCEPT DETAILING SERVICES",NULL,"AUS",NULL,"CLYDE",NULL,"VICTORIA","VIC","3978","7 GREEN GULLY RD, CLYDE, VIC 3978","7 GREEN GULLY RD","CLYDE, VIC 3978","145.32509036","-38.1227807090835","S8HPNTSCZG","HIGH","61",NULL,NULL,NULL,NULL,NULL,"CARWASHES, NSK","7542",NULL,"75420000","CARWASHES",NULL,10010407,"DIVISION I. - SERVICES","AUTOMOTIVE REPAIR, SERVICES AND PARKING","AUTOMOTIVE SERVICES, EXCEPT REPAIR","CARWASHES","1","1","2017","647990","465789","50","G","13","0","0",NULL,NULL,NULL,NULL,NULL,NULL,NULL,NULL,NULL,NULL,NULL,NULL,NULL,"N",NULL,NULL,NULL,NULL,NULL,NULL,NULL,"0","0",NULL,NULL,"0101000020E61000003C0EE623672A6240F20B3D47B70F43C0",80
"THE TRUSTEE FOR THE RAHIMI FAMILY TRUST",NULL,"1372237602","AFSHAR SUPERMARKET",NULL,"AUS",NULL,"KILBURN",NULL,"SOUTH AUSTRALIA","SA","5084","456 CHURCHILL RD, KILBURN, SA 5084","456 CHURCHILL RD","KILBURN, SA 5084","138.58266769","-34.8583522491147","S8HPNTSCZG","HIGH","61",NULL,NULL,NULL,NULL,NULL,"GROCERY STORES, NSK","5411",NULL,"54110000","GROCERY STORES",NULL,10010357,"DIVISION G. - RETAIL TRADE","FOOD STORES","GROCERY STORES","GROCERY STORES/GROCERS","5","5","2014","2273080","1627000","50","G","0","0","0",NULL,NULL,NULL,NULL,NULL,NULL,NULL,NULL,NULL,NULL,NULL,NULL,NULL,"N",NULL,NULL,NULL,NULL,NULL,NULL,NULL,"0","0",NULL,NULL,"0101000020E61000008C1FB636A5526140A6328B7CDE6D41C0",81
"LUIS GOMEZ SIU",NULL,"1372444765","CAPAS FURNITURE",NULL,"AUS",NULL,"SURRY HILLS",NULL,"NEW SOUTH WALES","NSW","2010","L1 94-96 COOPER ST, SURRY HILLS, NSW 2010","L1 94-96 COOPER ST","SURRY HILLS, NSW 2010","151.21151603","-33.8862245691263","S8HPNTSCZG","HIGH","61",NULL,NULL,NULL,NULL,NULL,"FURNITURE STORES","5712",NULL,"57120000","FURNITURE STORES",NULL,10015712,"DIVISION G. - RETAIL TRADE","HOME FURNITURE, FURNISHINGS AND EQUIPMENT STORES","HOME FURNITURE AND FURNISHINGS STORES","FURNITURE STORES","1","1","2013","325524","233000","50","G","0","0","0",NULL,NULL,NULL,NULL,NULL,NULL,NULL,NULL,NULL,NULL,NULL,NULL,NULL,"N",NULL,NULL,NULL,NULL,NULL,NULL,NULL,"0","0",NULL,NULL,"0101000020E6100000C1ED43BDC4E6624092A782CE6FF140C0",82
"JAKOB MOREN",NULL,"1373033001","LIVEWIRE BREAKDOWNS/ELECTRICAL SERVICES",NULL,"AUS",NULL,"CASULA",NULL,"NEW SOUTH WALES","NSW","2170","U2 5 GILMORE RD, CASULA, NSW 2170","U2 5 GILMORE RD","CASULA, NSW 2170","150.89959814","-33.9601452491254","S8HPNTSCZG","HIGH","61",NULL,NULL,NULL,NULL,NULL,"ELECTRICAL WORK, NSK","1731",NULL,"17310000","ELECTRICAL WORK",NULL,10011731,"DIVISION C. - CONSTRUCTION","CONSTRUCTION - SPECIAL TRADE CONTRACTORS","ELECTRICAL WORK","ELECTRICAL WORK","1","1","2017","305323","219473","50","G","13","0","0",NULL,NULL,NULL,NULL,NULL,NULL,NULL,NULL,NULL,NULL,NULL,NULL,NULL,"N",NULL,NULL,NULL,NULL,NULL,NULL,NULL,"0","0",NULL,NULL,"0101000020E6100000F5DA0982C9DC6240A1331E0AE6FA40C0",83
"TASMANIAN CHRISTIAN FUND LTD",NULL,"1374055646",NULL,NULL,"AUS",NULL,"HOBART",NULL,"TASMANIA","TAS","7000","85 MACQUARIE ST, HOBART, TAS 7000","85 MACQUARIE ST","HOBART, TAS 7000","147.33120758","-42.88153683905921","S8HPNTSCZG","HIGH","61",NULL,NULL,NULL,NULL,NULL,"RELIGIOUS ORGANIZATIONS","8661",NULL,"86610000","RELIGIOUS ORGANIZATIONS",NULL,10078661,"DIVISION I. - SERVICES","MEMBERSHIP ORGANIZATIONS","RELIGIOUS ORGANIZATIONS","RELIGIOUS ORGANIZATIONS","4","4","2017","311807","257203","50","G","101","0","0",NULL,NULL,NULL,NULL,NULL,NULL,NULL,NULL,NULL,NULL,NULL,NULL,NULL,"N",NULL,NULL,NULL,NULL,NULL,NULL,NULL,"0","0",NULL,NULL,"0101000020E61000003289A340996A624040FDFA32D67045C0",84
"RUOXI YIN",NULL,"1375843053","PRY TRANSLATION AND INTERPRETING SERVICES",NULL,"AUS",NULL,"GAYTHORNE",NULL,"QUEENSLAND","QLD","4051","U5 486 SAMFORD RD, GAYTHORNE, QLD 4051","U5 486 SAMFORD RD","GAYTHORNE, QLD 4051","152.98098912","-27.4172089092282","S8HPNTSCZG","HIGH","61",NULL,NULL,NULL,NULL,NULL,"BUSINESS SERVICES, NEC, NSK","7389",NULL,"73890000","BUSINESS SERVICES, NEC",NULL,10037389,"DIVISION I. - SERVICES","BUSINESS SERVICES","MISCELLANEOUS BUSINESS SERVICES","BUSINESS SERVICES, NEC","1","1","2014","154219","116278","50","G","0","0","0",NULL,NULL,NULL,NULL,NULL,NULL,NULL,NULL,NULL,NULL,NULL,NULL,NULL,"N",NULL,NULL,NULL,NULL,NULL,NULL,NULL,"0","0",NULL,NULL,"0101000020E610000038844B43641F634026BCFC33CE6A3BC0",85
"EDGE MEDICAL CENTRE PROSPECT PTY LTD",NULL,"1377441949",NULL,NULL,"AUS",NULL,"PROSPECT",NULL,"NEW SOUTH WALES","NSW","2148","UNIT 1, 3 ALDGATE STREET, PROSPECT, NSW 2148","UNIT 1, 3 ALDGATE STREET","PROSPECT, NSW 2148","150.92598651","-33.799368399127395","S8HPNTSCZG","HIGH","61",NULL,NULL,NULL,NULL,NULL,"OFFICES AND CLINICS MEDICAL DOCTORS,NSK","8011",NULL,"80110000","OFFICES AND CLINICS OF MEDICAL DOCTORS",NULL,10238011,"DIVISION I. - SERVICES","HEALTH SERVICES","OFFICES AND CLINICS OF DOCTORS OF MEDICINE","OFFICES AND CLINICS OF MEDICAL DOCTORS","4","4","2017","285498","215259","50","G","3","0","0",NULL,NULL,NULL,NULL,NULL,NULL,NULL,NULL,NULL,NULL,NULL,NULL,NULL,"N",NULL,NULL,NULL,NULL,NULL,NULL,NULL,"0","0",NULL,NULL,"0101000020E6100000971F76AEA1DD6240A1DA25B451E640C0",86
"C.C COX & THE TRUSTEE FOR DA & SM REID FAMILY TRUST",NULL,"1377650938","ROCKWAY CONTRACTING",NULL,"AUS",NULL,"YORKRAKINE",NULL,"WESTERN AUSTRALIA","WA","6409","220 EAST WEST RD, YORKRAKINE, WA 6409","220 EAST WEST RD","YORKRAKINE, WA 6409","117.5035","-31.38778","G3","LOW","61",NULL,NULL,NULL,NULL,NULL,"ELECTRICAL WORK, NSK","1731",NULL,"17310000","ELECTRICAL WORK",NULL,10011731,"DIVISION C. - CONSTRUCTION","CONSTRUCTION - SPECIAL TRADE CONTRACTORS","ELECTRICAL WORK","ELECTRICAL WORK","2","2","2017","214012","153837","50","G","0","0","0",NULL,NULL,NULL,NULL,NULL,NULL,NULL,NULL,NULL,NULL,NULL,NULL,NULL,"N",NULL,NULL,NULL,NULL,NULL,NULL,NULL,"0","0",NULL,NULL,"0101000020E61000004E62105839605D40FA0AD28C45633FC0",87
"ANDREW FRANCIS DIXON",NULL,"1391221806",NULL,NULL,"AUS",NULL,"MELBOURNE EAST",NULL,"VICTORIA","VIC","3002","SE 207 320 VICTORIA PDE, MELBOURNE EAST, VIC 3002","SE 207 320 VICTORIA PDE","MELBOURNE EAST, VIC 3002","144.98228272","-37.8092914090859","S8HPNTS-ZG","HIGH","61",NULL,NULL,NULL,NULL,NULL,"OFFICES OF HEALTH PRACTITIONERS, NSK","8049",NULL,"80490000","OFFICES OF HEALTH PRACTITIONER",NULL,10238049,"DIVISION I. - SERVICES","HEALTH SERVICES","OFFICES AND CLINICS OF OTHER HEALTH PRACTITIONERS","OFFICES OF HEALTH PRACTITIONER","1","1","2013","145870","104855","50","G","0","0","0",NULL,NULL,NULL,NULL,NULL,NULL,NULL,NULL,NULL,NULL,NULL,NULL,NULL,"N",NULL,NULL,NULL,NULL,NULL,NULL,NULL,"0","0",NULL,NULL,"0101000020E61000006EBA2BDC6E1F6240967A63DC96E742C0",88
"ANTHONY GRAHAM FERGUSON",NULL,"1392136880","ASHMORE MOBILE AUTO ELECTRICAL",NULL,"AUS",NULL,"URANGAN",NULL,"QUEENSLAND","QLD","4655","650 ESP, URANGAN, QLD 4655","650 ESP","URANGAN, QLD 4655","152.90156000000002","-25.295189999999998","G3","LOW","61",NULL,NULL,NULL,NULL,NULL,"HOTELS AND MOTELS, NSK","7011",NULL,"70110000","HOTELS AND MOTELS",NULL,10070200,"DIVISION I. - SERVICES","HOTELS, ROOMING HOUSES, CAMPS, AND OTHER LODGING PLACES","HOTEL, MOTEL","HOTEL, MOTEL - UNSPECIFIED","1","1","1999","66416","47741","50","G","0","0","0",NULL,NULL,NULL,NULL,NULL,NULL,NULL,NULL,NULL,NULL,NULL,NULL,NULL,"N",NULL,NULL,NULL,NULL,NULL,NULL,NULL,"0","0",NULL,NULL,"0101000020E6100000386C5B94D91C6340321B6492914B39C0",89
"WANGELING PTY LTD",NULL,"1394140854",NULL,NULL,"AUS",NULL,"WAGIN",NULL,"WESTERN AUSTRALIA","WA","6315","TARWONGA RD, WAGIN, WA 6315","TARWONGA RD","WAGIN, WA 6315","117.34451999999999","-33.30856","G3","LOW","61",NULL,NULL,NULL,NULL,NULL,"HOLDING COMPANIES, NEC, NSK","6719",NULL,"67190000","HOLDING COMPANIES, NEC",NULL,10036719,"DIVISION H. - FINANCE, INSURANCE, AND REAL ESTATE","HOLDING AND OTHER INVESTMENT OFFICES","HOLDING OFFICES","HOLDING COMPANIES, NEC","2","2","1974","214012","176534","50","G","3","0","0",NULL,NULL,NULL,NULL,NULL,NULL,NULL,NULL,NULL,NULL,NULL,NULL,NULL,"N",NULL,NULL,NULL,NULL,NULL,NULL,NULL,"0","0",NULL,NULL,"0101000020E610000058349D9D0C565D40486DE2E47EA740C0",90
"EDISON BES PTY LTD",NULL,"1396529246",NULL,NULL,"AUS",NULL,"TEMPLESTOWE LOWER",NULL,"VICTORIA","VIC","3107","12 JEAN STREET, TEMPLESTOWE LOWER, VIC 3107","12 JEAN STREET","TEMPLESTOWE LOWER, VIC 3107","145.117852","-37.762701999086296","S8HPNTSCZG","HIGH","61",NULL,NULL,NULL,NULL,NULL,"NONCLASSIFIABLE ESTABLISHMENTS","9999",NULL,"99990000","NONCLASSIFIABLE ESTABLISHMENTS",NULL,10249999,"DIVISION K. - NONCLASSIFIABLE ESTABLISHMENTS","NONCLASSIFIABLE ESTABLISHMENTS","NONCLASSIFIABLE ESTABLISHMENTS","NONCLASSIFIABLE ESTABLISHMENTS","7","7","2012","1789247","1324000","50","G","3","0","0",NULL,NULL,NULL,NULL,NULL,NULL,NULL,NULL,NULL,NULL,NULL,NULL,NULL,"N",NULL,NULL,NULL,NULL,NULL,NULL,NULL,"0","0",NULL,NULL,"0101000020E610000095B88E71C5236240B1551738A0E142C0",91
"P FOOLCHAND & N RAMDHONY",NULL,"1398243692",NULL,NULL,"AUS",NULL,"CLYDE NORTH",NULL,"VICTORIA","VIC","3978","10 MORPHETVILLE, CLYDE NORTH, VIC 3978","10 MORPHETVILLE","CLYDE NORTH, VIC 3978","145.32461316","-38.1170785190835","S8HPNTSCZG","HIGH","61",NULL,NULL,NULL,"WWW.LANT3K.COM",NULL,"PREPACKAGED SOFTWARE","7372",NULL,"73720000","PREPACKAGED SOFTWARE",NULL,10037372,"DIVISION I. - SERVICES","BUSINESS SERVICES","COMPUTER PROGRAMMING, DATA PROCESSING, AND OTHER COMPUTER RELATED SERVICES","PREPACKAGED SOFTWARE","3","3",NULL,"983838","758000","50","G","0","0","0",NULL,NULL,NULL,NULL,NULL,NULL,NULL,NULL,NULL,NULL,NULL,NULL,NULL,"N",NULL,NULL,NULL,NULL,NULL,NULL,NULL,"0","0",NULL,NULL,"0101000020E6100000A441233B632A62408D43CD6DFC0E43C0",92
"PROP NOMINEE 91 PTY LTD",NULL,"1398638955",NULL,NULL,"AUS",NULL,"NORTH SYDNEY",NULL,"NEW SOUTH WALES","NSW","2060","15 100 PACIFIC HIGHWAY, NORTH SYDNEY, NSW 2060","15 100 PACIFIC HIGHWAY","NORTH SYDNEY, NSW 2060","151.20559473","-33.8378400091269","S8HPNTSCZG","HIGH","61",NULL,NULL,NULL,NULL,NULL,"LEGAL SERVICES, NSK","8111",NULL,"81110000","LEGAL SERVICES",NULL,10030722,"DIVISION I. - SERVICES","LEGAL SERVICES","LEGAL SERVICES","LEGAL SERVICES","5","5","2012","707562","493000","50","G","3","0","0",NULL,NULL,NULL,NULL,NULL,NULL,NULL,NULL,NULL,NULL,NULL,NULL,NULL,"N",NULL,NULL,NULL,NULL,NULL,NULL,NULL,"0","0",NULL,NULL,"0101000020E61000008F32663B94E662407D3D67573EEB40C0",93
"TWELVE STARS TRADING PTY LTD",NULL,"1398846107","Y AND M WELDING SERVICES",NULL,"AUS",NULL,"PRESTONS",NULL,"NEW SOUTH WALES","NSW","2170","45-47 WHYALLA PLACE, PRESTONS, NSW 2170","45-47 WHYALLA PLACE","PRESTONS, NSW 2170","150.88013336","-33.9287585891258","S8HPNTSCZG","HIGH","61",NULL,NULL,NULL,NULL,NULL,"WELDING REPAIR","7692",NULL,"76920000","WELDING REPAIR",NULL,10037692,"DIVISION I. - SERVICES","MISCELLANEOUS REPAIR SERVICES","MISCELLANEOUS REPAIR SHOPS AND RELATED SERVICES","WELDING REPAIR","4","4","2014","1472713","1121000","50","G","3","0","0",NULL,NULL,NULL,NULL,NULL,NULL,NULL,NULL,NULL,NULL,NULL,NULL,NULL,"N",NULL,NULL,NULL,NULL,NULL,NULL,NULL,"0","0",NULL,NULL,"0101000020E610000032AA6F0D2ADC62405316BB8FE1F640C0",94
"HILLSIDE NEW COMMUNITY INC",NULL,"1399831506",NULL,NULL,"AUS",NULL,"BORONIA","KNOX","VICTORIA","VIC","3155","BORONIA ROAD, BORONIA, VIC 3155","BORONIA ROAD","BORONIA, VIC 3155","145.28586","-37.862765","S4-PNTSCZA","MEDIUM","61",NULL,NULL,NULL,NULL,NULL,"INDIVIDUAL AND FAMILY SERVICES, NSK","8322",NULL,"83220000","INDIVIDUAL AND FAMILY SERVICES",NULL,10038322,"DIVISION I. - SERVICES","SOCIAL SERVICES","INDIVIDUAL AND FAMILY SOCIAL SERVICES","INDIVIDUAL AND FAMILY SERVICES","5","5","1999","161401","116019","50","G","0","0","0",NULL,NULL,NULL,NULL,NULL,NULL,NULL,NULL,NULL,NULL,NULL,NULL,NULL,"N",NULL,NULL,NULL,NULL,NULL,NULL,NULL,"0","0",NULL,NULL,"0101000020E610000082E7DEC325296240159161156FEE42C0",95
"WINK AND CO PTY LTD",NULL,"1401546549",NULL,NULL,"AUS",NULL,"KEDRON",NULL,"QUEENSLAND","QLD","4031","23 JARDINE STREET, KEDRON, QLD 4031","23 JARDINE STREET","KEDRON, QLD 4031","153.02423669","-27.405938629228398","S8HPNTSCZG","HIGH","61",NULL,NULL,NULL,NULL,NULL,"NONCLASSIFIABLE ESTABLISHMENTS","9999",NULL,"99990000","NONCLASSIFIABLE ESTABLISHMENTS",NULL,10249999,"DIVISION K. - NONCLASSIFIABLE ESTABLISHMENTS","NONCLASSIFIABLE ESTABLISHMENTS","NONCLASSIFIABLE ESTABLISHMENTS","NONCLASSIFIABLE ESTABLISHMENTS","7","7","2016","1395100","1051873","50","G","3","0","0",NULL,NULL,NULL,NULL,NULL,NULL,NULL,NULL,NULL,NULL,NULL,NULL,NULL,"N",NULL,NULL,NULL,NULL,NULL,NULL,NULL,"0","0",NULL,NULL,"0101000020E61000003ADD058CC620634013B81098EB673BC0",96
"PEDAJ PTY LTD",NULL,"1405758870",NULL,NULL,"AUS",NULL,"ST IVES",NULL,"NEW SOUTH WALES","NSW","2075","17 MOORHOUSE AVENUE, ST IVES, NSW 2075","17 MOORHOUSE AVENUE","ST IVES, NSW 2075","151.17122781","-33.748377549128","S8HPNTSCZG","HIGH","61",NULL,NULL,NULL,NULL,NULL,"VETERINARY SERVICES, SPECIALTIES","742",NULL,"7420000","VETERINARY SERVICES, SPECIALTIES",NULL,10230742,"DIVISION A. - AGRICULTURE, FORESTRY, AND FISHING","AGRICULTURAL SERVICES","VETERINARY SERVICES","VETERINARY SERVICES, SPECIALTIES","4","4","2006","1713862","1413727","50","G","0","0","0",NULL,NULL,NULL,NULL,NULL,NULL,NULL,NULL,NULL,NULL,NULL,NULL,NULL,"N",NULL,NULL,NULL,NULL,NULL,NULL,NULL,"0","0",NULL,NULL,"0101000020E6100000B483BEB27AE562405F48E5D5CADF40C0",97
"DNA PROJECT SOLUTIONS PTY LTD",NULL,"1410228195",NULL,NULL,"AUS",NULL,"MORNINGTON",NULL,"VICTORIA","VIC","3931","9 RUBY COVE, MORNINGTON, VIC 3931","9 RUBY COVE","MORNINGTON, VIC 3931","145.06009680000003","-38.2479752490825","S8HPNTSCZG","HIGH","61",NULL,NULL,NULL,NULL,NULL,"FIRE PROTECTION, NSK","9224",NULL,"92240000","FIRE PROTECTION",NULL,10240400,"DIVISION J. - PUBLIC ADMINISTRATION","JUSTICE, PUBLIC ORDER AND SAFETY","PUBLIC ORDER AND SAFETY","FIRE PROTECTION/FIRE STATION,BRIGADE","21","21","2018","3713019","2669000","50","G","3","0","0",NULL,NULL,NULL,NULL,NULL,NULL,NULL,NULL,NULL,NULL,NULL,NULL,NULL,"N",NULL,NULL,NULL,NULL,NULL,NULL,NULL,"0","0",NULL,NULL,"0101000020E610000005D31F50EC2162406E8328A7BD1F43C0",98
"J.M.B. CABINETS",NULL,"1414335361",NULL,NULL,"AUS",NULL,"SOMERTON",NULL,"VICTORIA","VIC","3062","81A FREIGHT DRIVE, SOMERTON, VIC 3062","81A FREIGHT DRIVE","SOMERTON, VIC 3062","144.962936","-37.6379759990874","S8HPNTSCZG","HIGH","61",NULL,NULL,NULL,NULL,NULL,"CARPENTRY WORK, NSK","1751",NULL,"17510000","CARPENTRY WORK",NULL,10061751,"DIVISION C. - CONSTRUCTION","CONSTRUCTION - SPECIAL TRADE CONTRACTORS","CARPENTRY AND FLOOR WORK","CARPENTRY WORK","3","3","1977","214012","153837","50","G","0","0","0",NULL,NULL,NULL,NULL,NULL,NULL,NULL,NULL,NULL,NULL,NULL,NULL,NULL,"N",NULL,NULL,NULL,NULL,NULL,NULL,NULL,"0","0",NULL,NULL,"0101000020E61000008484285FD01E62404EDB9132A9D142C0",99
"ROBERT WRIGHT PTY LTD",NULL,"1415228880",NULL,NULL,"AUS",NULL,"GAWLER",NULL,"TASMANIA","TAS","7315","U 1 121 PICKETTS ROAD, GAWLER, TAS 7315","U 1 121 PICKETTS ROAD","GAWLER, TAS 7315","146.16734067","-41.1974870090649","S8HPNTSCZG","HIGH","61",NULL,NULL,NULL,NULL,NULL,"HEALTH AND ALLIED SERVICES, NEC, NSK","8099",NULL,"80990000","HEALTH AND ALLIED SERVICES, NEC",NULL,10230000,"DIVISION I. - SERVICES","HEALTH SERVICES","MISCELLANEOUS HEALTH AND ALLIED SERVICES, NOT ELSEWHERE CLASSIFIED","HEALTH AND ALLIED SERVICES, NEC","5","5","1994","995291","820994","50","G","3","0","0",NULL,NULL,NULL,NULL,NULL,NULL,NULL,NULL,NULL,NULL,NULL,NULL,NULL,"N",NULL,NULL,NULL,NULL,NULL,NULL,NULL,"0","0",NULL,NULL,"0101000020E61000001A1ED2DA5A456240C8A81A41479944C0",100
